,episode_id,serie_id,n_secondes
0,6f01a457-beb6-49a6-8091-5367d3427226,2cba9264-16ab-415f-a0ae-b5e1db3f4918,1263
1,0bb07049-523d-4d48-b431-aa54c1143158,222f67ec-71fe-4d39-b246-3b9461cb66f2,1456
2,cda0c026-1aeb-4d63-94ae-e306931e4757,2cba9264-16ab-415f-a0ae-b5e1db3f4918,1428
3,50b7aa85-28fa-4ace-b2bf-5dbad83e4a7a,c76e89c7-9beb-4400-b5dd-300c2e398fda,2089
4,1b425cc1-5251-43de-ac00-7fd29e2ca839,d7539ef0-6130-44c8-81f7-4502f2c6981c,1954
5,c10aa224-2277-4c12-a288-b7715a996b41,9501fb08-a53f-473b-af04-f8be7a3e0d35,1224
6,62d109a6-3b86-4812-9771-159b192b2d0e,00bbb420-ca71-423e-8229-0c6f0c714164,1795
7,50d27b50-f513-4093-8a36-c047373f6f84,5a5b6f95-b77f-478b-a1e7-0179dde8ef5d,1314
8,52f76360-25d5-41a0-8f24-9c6ec62fbb4d,d7539ef0-6130-44c8-81f7-4502f2c6981c,1679
9,7bc6734e-58b8-4a71-9b30-f50e3ea1f03c,d7539ef0-6130-44c8-81f7-4502f2c6981c,2005
10,425597d6-a700-4b9f-ba88-592da433219b,9501fb08-a53f-473b-af04-f8be7a3e0d35,2114
11,f602f756-da2e-4652-a720-483223e43377,c76e89c7-9beb-4400-b5dd-300c2e398fda,1692
12,3157d27a-3637-45eb-b1a5-8a4eb79a7d4d,af8df0dc-7761-45e1-821a-7e55d57e9bd8,1956
13,b4f2a859-28b7-43f7-ab91-7bda4c53302e,5a5b6f95-b77f-478b-a1e7-0179dde8ef5d,2079
14,fc45c056-fc49-4130-845e-7f483f0ee952,1224be2f-a7a8-41f6-ae71-c2e4fde0cf94,2240
15,8d288c3b-9211-4d08-856a-77df83d529d6,fdfbb28c-47c8-4340-9dec-f42e42c01c26,1738
16,5f39d2cd-3fdc-46d4-a7a7-d24dd1443b72,c65d91ba-f4fb-4bff-adc6-f16ff8764ae1,2005
17,17c6cb28-b61a-42c6-80ea-31a8b2fb5279,222f67ec-71fe-4d39-b246-3b9461cb66f2,2330
18,71067c06-3448-4f48-b7b8-2dfd4cd91793,fdfbb28c-47c8-4340-9dec-f42e42c01c26,1551
19,2a26cd35-d823-476e-8a80-039d7b8047a7,00bbb420-ca71-423e-8229-0c6f0c714164,1570
20,0c935843-26bb-4663-a046-c8fb5d2c9a0e,af8df0dc-7761-45e1-821a-7e55d57e9bd8,2138
21,5ca69754-4fd1-4ce3-9656-ab615ddcf13e,af8df0dc-7761-45e1-821a-7e55d57e9bd8,1531
22,b2191d21-bc87-45a3-854a-1b187cb92396,92757080-d94a-4f4c-97ad-89ce5e58cc86,1588
23,85024baa-fa3e-4522-9f66-3bdc5f084811,8da6aff7-d3c8-4d1c-9a33-bb2b01bcc8b2,1646
24,6f975cff-b7d3-49c7-a0ea-45e30dc66332,45055d6b-3f68-4642-aab8-791f83767b33,1304
25,15cd7396-b140-49b3-b5ef-efca498ff777,ca4e06e6-efb4-4c03-9207-996e88efbabb,2388
26,edf1c58b-9954-4ad5-8adf-238121df243b,fdfbb28c-47c8-4340-9dec-f42e42c01c26,1478
27,ba83907c-95af-43ed-b3d8-cf2f565c3647,9501fb08-a53f-473b-af04-f8be7a3e0d35,1879
28,e857ab80-ba23-4029-a4d8-8b8ebd8cbe1d,5a5b6f95-b77f-478b-a1e7-0179dde8ef5d,1407
29,8c4d5d37-e1b4-4593-a2c9-0923f06ba75f,af8df0dc-7761-45e1-821a-7e55d57e9bd8,1856
30,6df88de3-a7b8-478b-9ce6-e2a6da7a6aea,92757080-d94a-4f4c-97ad-89ce5e58cc86,1235
31,4d4795f3-2211-4e63-8017-80e26ca7f09f,ca4e06e6-efb4-4c03-9207-996e88efbabb,2092
32,4d0bcc65-82ba-4c6f-890c-e3ea7873d2ed,c65d91ba-f4fb-4bff-adc6-f16ff8764ae1,1906
33,e12a91d4-7141-4ec4-8623-d97433c9d978,d7539ef0-6130-44c8-81f7-4502f2c6981c,1341
34,ee836e75-fef7-4a0d-b8be-1cd86f0fd8e7,d7539ef0-6130-44c8-81f7-4502f2c6981c,1787
35,0984c004-2541-497a-a2fa-1e59524b131c,9501fb08-a53f-473b-af04-f8be7a3e0d35,1405
36,302ceb01-c814-48db-91b3-332305dd63e6,2a7ecf3d-ea1c-489e-954c-4fe3be55cbca,2359
37,f0319543-7f1f-44ab-ab8e-f9909c3d792f,2cba9264-16ab-415f-a0ae-b5e1db3f4918,1353
38,0a873a5d-a8bf-4850-b304-6f6d7cc57d48,d7539ef0-6130-44c8-81f7-4502f2c6981c,1546
39,2bc09f50-a517-4eb4-9954-5bb143ba3a68,563b7c40-ec9d-4615-ad82-32c3c1b2ef73,1784
40,d61f54e9-f1dc-4d79-a79e-0a4c56677d8f,ca4e06e6-efb4-4c03-9207-996e88efbabb,1959
41,26f19e89-d9e2-4979-b229-aa09d6947e7b,45055d6b-3f68-4642-aab8-791f83767b33,1966
42,6af58afd-3534-45e0-907a-9c078a9c04dd,6bfdeac5-02c9-43fc-b341-b2b07aee4512,1947
43,061944d8-bcd0-4c5d-a266-73fc9a35002c,2cba9264-16ab-415f-a0ae-b5e1db3f4918,1445
44,d7d6ff7e-cb9f-4c91-a7c6-a05b24b4b68d,c65d91ba-f4fb-4bff-adc6-f16ff8764ae1,1326
45,87b34be8-0340-4549-bcfa-fc2c5246ee77,9501fb08-a53f-473b-af04-f8be7a3e0d35,1226
46,92f79046-d211-4333-9e39-1cb5aaca74cd,d4ce9122-24cb-4001-b14a-a4c9650b3c31,2357
47,fee7afd7-8ecb-4073-ab31-f8bd7408ee58,c76e89c7-9beb-4400-b5dd-300c2e398fda,1436
48,96047215-669a-4ad3-b2fa-cf6e70086a06,69f1c5af-b1a5-46da-8056-70202e3e0b1f,1701
49,24d9958a-614a-4fb8-a5ed-4bcf308e7650,d4ce9122-24cb-4001-b14a-a4c9650b3c31,1544
50,7f44b12b-d71e-4087-b018-15c0408a6f74,92757080-d94a-4f4c-97ad-89ce5e58cc86,2152
51,fe3b6b4f-9ab8-4166-b953-c3e16763aa4c,222f67ec-71fe-4d39-b246-3b9461cb66f2,1669
52,bb292e2a-57c7-400c-b3da-f0b1b58839f0,6bfdeac5-02c9-43fc-b341-b2b07aee4512,1514
53,999848c8-122d-405c-ae6a-8087aa5f09f6,c65d91ba-f4fb-4bff-adc6-f16ff8764ae1,2254
54,6621c1c1-56d5-4d94-8a5d-34ca013624ab,9501fb08-a53f-473b-af04-f8be7a3e0d35,1506
55,63916a2e-d934-468d-a7fc-5315022ff0d7,5a5b6f95-b77f-478b-a1e7-0179dde8ef5d,2009
56,4261f14c-e0c1-4070-ae65-5ce173018fe3,c76e89c7-9beb-4400-b5dd-300c2e398fda,1775
57,219b3eae-3bf0-4e4e-9360-90626336a0aa,9501fb08-a53f-473b-af04-f8be7a3e0d35,1373
58,e5e4d88d-ec06-4d9c-a6ba-a92ba996670f,00bbb420-ca71-423e-8229-0c6f0c714164,1751
59,cbf79833-9646-4258-a559-9820fb41e614,6bfdeac5-02c9-43fc-b341-b2b07aee4512,1624
60,08c01a95-98d7-427e-b566-2a2244decc7e,d7539ef0-6130-44c8-81f7-4502f2c6981c,2116
61,89d03087-74f8-4029-9a27-e594c397da95,563b7c40-ec9d-4615-ad82-32c3c1b2ef73,2016
62,74dc9391-a7ac-43bd-ae6e-40db65482c30,8da6aff7-d3c8-4d1c-9a33-bb2b01bcc8b2,1992
63,0ba84d69-2497-4038-9dbf-54b95b0f4544,c76e89c7-9beb-4400-b5dd-300c2e398fda,1829
64,f1861da9-f5c8-4adb-903e-f154bbbff311,d4ce9122-24cb-4001-b14a-a4c9650b3c31,2080
65,ac2ca43a-01ca-4b0e-8b1e-31e5b0cbfa9a,af8df0dc-7761-45e1-821a-7e55d57e9bd8,2272
66,83ca86d8-67b1-4d30-8f33-6068bd13ea8e,45055d6b-3f68-4642-aab8-791f83767b33,1466
67,494353b6-949f-41c9-a7b0-cbda1a95900b,2a7ecf3d-ea1c-489e-954c-4fe3be55cbca,1661
68,d8db4044-b775-4b20-9446-4db181fe9baf,222f67ec-71fe-4d39-b246-3b9461cb66f2,1231
69,70f52fe1-cc35-4034-9df6-18c1ddb5945a,1224be2f-a7a8-41f6-ae71-c2e4fde0cf94,1990
70,20aef987-7b5f-430e-a01b-bbaec48daa04,9501fb08-a53f-473b-af04-f8be7a3e0d35,1954
71,5c757635-084b-4804-b951-7d125972290f,d7539ef0-6130-44c8-81f7-4502f2c6981c,2205
72,30b7efe9-c849-4c9f-bb22-90cf2ea9fb03,5a5b6f95-b77f-478b-a1e7-0179dde8ef5d,2052
73,6c8ec792-2a8e-475f-953a-5e0673bebe51,d4ce9122-24cb-4001-b14a-a4c9650b3c31,2332
74,c0b12160-0ce8-43a2-bbb3-39ac61a9d322,6bfdeac5-02c9-43fc-b341-b2b07aee4512,2379
75,951344e4-007c-454b-a555-76ce4485fd61,2a7ecf3d-ea1c-489e-954c-4fe3be55cbca,1969
76,bea871df-9a0a-4dab-94f3-6a938f40e4b0,222f67ec-71fe-4d39-b246-3b9461cb66f2,2055
77,b609a78b-37b5-49cb-b1d5-43918353bb72,d4ce9122-24cb-4001-b14a-a4c9650b3c31,2126
78,cdd97458-12b4-4b90-84b4-a9ee8ccd3620,6bfdeac5-02c9-43fc-b341-b2b07aee4512,2051
79,3ae825f2-41af-482d-a5ff-01ad8fadb541,9501fb08-a53f-473b-af04-f8be7a3e0d35,1971
80,a1d03005-343e-4134-b7c5-00aa80cd217b,d7539ef0-6130-44c8-81f7-4502f2c6981c,1633
81,9fbad7c5-4f84-489e-b454-5bb24ac8a546,45055d6b-3f68-4642-aab8-791f83767b33,2299
82,d4b80589-381b-49a7-a4f7-3bfc6dd4b263,2a7ecf3d-ea1c-489e-954c-4fe3be55cbca,1906
83,8ae0b0ac-64ea-4d51-8c64-2b0bcf3291b8,fdfbb28c-47c8-4340-9dec-f42e42c01c26,1216
84,84601042-038e-48ab-b832-19a207935c81,5a5b6f95-b77f-478b-a1e7-0179dde8ef5d,1477
85,8c08251e-ac6f-4894-94ef-fa484085d0ce,2a7ecf3d-ea1c-489e-954c-4fe3be55cbca,1542
86,bf13d168-29fe-495d-ba92-6fce14b84acb,9501fb08-a53f-473b-af04-f8be7a3e0d35,2252
87,67ada2de-171f-4cad-9cea-4589f757eeba,af8df0dc-7761-45e1-821a-7e55d57e9bd8,1921
88,448e3b0a-58b1-42ee-807c-065632239f63,222f67ec-71fe-4d39-b246-3b9461cb66f2,2104
89,ea7dd798-e5ac-43af-a84d-fadf5161dae1,af8df0dc-7761-45e1-821a-7e55d57e9bd8,1249
90,6c1c7c07-a6a5-47fd-b423-9420e0001dac,2cba9264-16ab-415f-a0ae-b5e1db3f4918,2358
91,9d0874dc-60fc-43e4-9a4f-0e58b7f2846a,c65d91ba-f4fb-4bff-adc6-f16ff8764ae1,1864
92,f971fa1d-ddd0-4ba5-b776-69a5c44d8b9a,6bfdeac5-02c9-43fc-b341-b2b07aee4512,1849
93,4720eaba-ae15-4d29-9249-d45b57aa6757,d7539ef0-6130-44c8-81f7-4502f2c6981c,2020
94,06f16caf-478b-4c90-8c08-9fb8ef560c04,af8df0dc-7761-45e1-821a-7e55d57e9bd8,2157
95,239cd96e-7bbf-4dde-aecf-3c7caec198eb,6bfdeac5-02c9-43fc-b341-b2b07aee4512,1524
96,3e3dc0bd-7e36-4241-9877-8201ab94cdc2,45055d6b-3f68-4642-aab8-791f83767b33,2262
97,73e68801-cfe0-4b1c-8c1a-4f24c7081e78,00bbb420-ca71-423e-8229-0c6f0c714164,1685
98,b9ca4e7d-5bcb-48fb-b536-d3a4c9e0de91,00bbb420-ca71-423e-8229-0c6f0c714164,1769
99,c2a7127a-3f34-4965-9675-eb9bf45f298a,af8df0dc-7761-45e1-821a-7e55d57e9bd8,2244
100,b2d92804-91d5-4421-b56c-213e423bd422,fdfbb28c-47c8-4340-9dec-f42e42c01c26,1802
101,7bd6cd6c-7d6c-46a9-9f20-676de8faecd2,c76e89c7-9beb-4400-b5dd-300c2e398fda,1571
102,0f468e15-a24c-4ac3-b02d-84d2c1d6448e,d7539ef0-6130-44c8-81f7-4502f2c6981c,1908
103,9e581a58-47bb-44ef-8eb3-637c19fd7ef5,fdfbb28c-47c8-4340-9dec-f42e42c01c26,1597
104,1987aaf4-ec68-48f2-ad5d-25486c9c02ff,9501fb08-a53f-473b-af04-f8be7a3e0d35,1446
105,8860553e-92ce-40eb-8b36-62b48ff9d4b4,1224be2f-a7a8-41f6-ae71-c2e4fde0cf94,1934
106,93c57eb3-a81a-42a9-a695-922882d73277,8da6aff7-d3c8-4d1c-9a33-bb2b01bcc8b2,1290
107,5f1dae45-86f2-4237-a695-5a329401ca5a,8da6aff7-d3c8-4d1c-9a33-bb2b01bcc8b2,1901
108,fe6a18ce-1886-4335-8bd9-95824fdbfa6e,92757080-d94a-4f4c-97ad-89ce5e58cc86,1793
109,83dea4a2-085c-46c0-b8d5-c86dc28d9df1,45055d6b-3f68-4642-aab8-791f83767b33,2058
110,e4f30196-b1e9-40fc-a219-b73d7d78a473,d4ce9122-24cb-4001-b14a-a4c9650b3c31,1434
111,b40667ee-d7f5-4c61-9504-9fa95c6cedeb,d7539ef0-6130-44c8-81f7-4502f2c6981c,2016
112,781f7d42-bead-4f7b-b3aa-74a22de06b4b,fdfbb28c-47c8-4340-9dec-f42e42c01c26,2179
113,ba15e7d3-5038-4894-907c-46df9be5dd7b,d7539ef0-6130-44c8-81f7-4502f2c6981c,1315
114,2fc735d7-7289-4e14-a70e-b5fcde461397,00bbb420-ca71-423e-8229-0c6f0c714164,1887
115,d4148637-87ff-40ef-a48e-a94d9878e8a2,af8df0dc-7761-45e1-821a-7e55d57e9bd8,1469
116,d133f3d7-2e66-417a-80fa-dd5ed3b1e62c,92757080-d94a-4f4c-97ad-89ce5e58cc86,2338
117,c737b130-c7ff-42b5-bbb6-b79014407ea9,8da6aff7-d3c8-4d1c-9a33-bb2b01bcc8b2,2172
118,3a26bdbd-42ff-43d0-ae05-f99faa41d3ad,5a5b6f95-b77f-478b-a1e7-0179dde8ef5d,1516
119,1ad951f3-708f-472c-b1d6-3dc04e32bd5d,5a5b6f95-b77f-478b-a1e7-0179dde8ef5d,1929
120,2c1d112b-9b89-48c5-9318-52f25125ce60,c65d91ba-f4fb-4bff-adc6-f16ff8764ae1,1687
121,706f4b67-1a0e-4b19-b63a-a7c0c45f58e3,2a7ecf3d-ea1c-489e-954c-4fe3be55cbca,1355
122,a5ff65b2-5586-49d3-b289-2c98466a9831,c76e89c7-9beb-4400-b5dd-300c2e398fda,1749
123,146726d0-be95-48b4-a453-fb118f040b66,222f67ec-71fe-4d39-b246-3b9461cb66f2,2260
124,6d99ae9f-35bd-4f5b-ab83-3feb24c21fd4,af8df0dc-7761-45e1-821a-7e55d57e9bd8,2085
125,e0478e4f-cbb8-480d-83ea-35e532d054bc,00bbb420-ca71-423e-8229-0c6f0c714164,1509
126,220f5999-3083-4f54-beba-40040f697b14,00bbb420-ca71-423e-8229-0c6f0c714164,1626
127,796f120a-6b34-4caf-ab43-314e9cbb46bb,ca4e06e6-efb4-4c03-9207-996e88efbabb,1510
128,3bfaf206-d9c6-4a08-bcdc-6f54d6634050,1224be2f-a7a8-41f6-ae71-c2e4fde0cf94,1508
129,98582459-1302-4785-89c9-d9fadc741c77,5a5b6f95-b77f-478b-a1e7-0179dde8ef5d,1861
130,41850946-ade5-4624-a59a-23990905290f,af8df0dc-7761-45e1-821a-7e55d57e9bd8,1795
131,6c62612e-3444-4e31-91ef-53b790446128,d4ce9122-24cb-4001-b14a-a4c9650b3c31,2362
132,ab82218f-5860-41a1-8c2b-c9b8da1287c2,c76e89c7-9beb-4400-b5dd-300c2e398fda,1223
133,80938a1c-d420-45c5-a51d-f33e2e713ca2,d7539ef0-6130-44c8-81f7-4502f2c6981c,2195
134,14893c0e-1a71-4b8c-9f29-138b26da4781,00bbb420-ca71-423e-8229-0c6f0c714164,1604
135,98ae1981-1d1c-4a74-8d50-965cfe80a88f,2cba9264-16ab-415f-a0ae-b5e1db3f4918,2272
136,4b030b5d-ecba-4971-9804-d68e8b8f1623,c65d91ba-f4fb-4bff-adc6-f16ff8764ae1,2356
137,b15828b2-0448-428f-a946-0a8f4edb16b4,ca4e06e6-efb4-4c03-9207-996e88efbabb,2119
138,fd3fa85c-e144-4b64-a07e-f1f8b25c1e54,222f67ec-71fe-4d39-b246-3b9461cb66f2,2311
139,baee9698-8432-4486-8d6f-643b44fed1a1,563b7c40-ec9d-4615-ad82-32c3c1b2ef73,2154
140,5e76a108-872f-4ef2-9ad5-3409febbc584,92757080-d94a-4f4c-97ad-89ce5e58cc86,2350
141,800004aa-091e-4104-b2e4-2a0ecbeb79d0,8da6aff7-d3c8-4d1c-9a33-bb2b01bcc8b2,1611
142,3649153f-2296-4595-9ee4-86c75da97d34,8da6aff7-d3c8-4d1c-9a33-bb2b01bcc8b2,1498
143,b01b0fe8-741c-4786-9092-5a8a7746cf93,92757080-d94a-4f4c-97ad-89ce5e58cc86,1409
144,1d7d496d-2850-4568-8030-2a8c73380528,8da6aff7-d3c8-4d1c-9a33-bb2b01bcc8b2,2060
145,1036afb6-81d7-4ff4-8588-82a516e1f017,1224be2f-a7a8-41f6-ae71-c2e4fde0cf94,2223
146,9b057606-48ff-47e2-9256-247ae7d93374,c65d91ba-f4fb-4bff-adc6-f16ff8764ae1,1992
147,9b28b47a-5a8b-4aeb-a758-369a24846cab,8da6aff7-d3c8-4d1c-9a33-bb2b01bcc8b2,1458
148,7f6c60ec-5e1b-442c-b8ab-523370c5a2a1,69f1c5af-b1a5-46da-8056-70202e3e0b1f,1752
149,8bc44858-d9b0-4738-ab84-5c6652a1c0b6,c65d91ba-f4fb-4bff-adc6-f16ff8764ae1,1383
150,c5e191bf-7154-4862-9397-675533109526,af8df0dc-7761-45e1-821a-7e55d57e9bd8,1307
151,18c7876b-e6e9-4180-9936-7a58e0749a06,1224be2f-a7a8-41f6-ae71-c2e4fde0cf94,1233
152,fb84ddd7-47c0-45aa-a6c0-163c385c0221,5a5b6f95-b77f-478b-a1e7-0179dde8ef5d,1610
153,b47d23e9-a303-40ee-91b7-8a305d2fa77a,222f67ec-71fe-4d39-b246-3b9461cb66f2,2310
154,4b6395cc-c690-40e0-b0ed-8aec15b17dde,222f67ec-71fe-4d39-b246-3b9461cb66f2,1785
155,aebb23c2-113e-48e1-812d-36e622aaddc9,222f67ec-71fe-4d39-b246-3b9461cb66f2,1731
156,b35a4e97-a2d2-43e2-b3c7-640cc68aec41,fdfbb28c-47c8-4340-9dec-f42e42c01c26,2369
157,94d56157-2e3f-48ad-a31e-7d249dfa8edf,8da6aff7-d3c8-4d1c-9a33-bb2b01bcc8b2,1935
158,8cf4d122-1c3f-4165-9983-d10e7f36b918,c76e89c7-9beb-4400-b5dd-300c2e398fda,1614
159,b1dba456-83c5-4065-9b3a-7058d4121417,6bfdeac5-02c9-43fc-b341-b2b07aee4512,2059
160,597e287f-f1b1-4b6e-97be-21c1b4fd6eca,45055d6b-3f68-4642-aab8-791f83767b33,1641
161,94940067-6280-4e2c-a831-eb92405575ea,8da6aff7-d3c8-4d1c-9a33-bb2b01bcc8b2,2391
162,9e4d4d14-4fd4-46ad-b8ff-7d81a7276fa4,00bbb420-ca71-423e-8229-0c6f0c714164,1643
163,22dad4fd-11d6-4c00-8b9b-38020f9e3a62,9501fb08-a53f-473b-af04-f8be7a3e0d35,1928
164,db92e297-fe8f-4f14-8626-e3a09f2ad2a9,2a7ecf3d-ea1c-489e-954c-4fe3be55cbca,1349
165,5cae44f1-53f3-466c-9e2b-14ea217caeba,1224be2f-a7a8-41f6-ae71-c2e4fde0cf94,2260
166,f45bae39-e759-4e4a-ac31-e6970da17096,fdfbb28c-47c8-4340-9dec-f42e42c01c26,1990
167,a2ba18e2-4263-4fb3-8500-91b00bd5c697,1224be2f-a7a8-41f6-ae71-c2e4fde0cf94,1511
168,30beaf4e-bd4d-4c2e-a73c-03b27f202cdd,6bfdeac5-02c9-43fc-b341-b2b07aee4512,2052
169,09be684b-e946-4ca8-974a-56982b6c349f,c65d91ba-f4fb-4bff-adc6-f16ff8764ae1,1288
170,075ec3ee-0b20-420c-a00a-6d914bcc3781,af8df0dc-7761-45e1-821a-7e55d57e9bd8,2272
171,ee3f566e-be0d-4686-9890-7daf860c2678,45055d6b-3f68-4642-aab8-791f83767b33,1583
172,548a9e03-309e-48ed-9905-9d07bf97caf7,2cba9264-16ab-415f-a0ae-b5e1db3f4918,2182
173,6f7909ad-a888-44a7-92cb-666fbfd4d882,ca4e06e6-efb4-4c03-9207-996e88efbabb,1553
174,366f2698-3549-4eb8-ac58-32926e3fcc6c,2a7ecf3d-ea1c-489e-954c-4fe3be55cbca,1473
175,e48b8ea9-e138-4701-bd32-e6199dd9c606,d4ce9122-24cb-4001-b14a-a4c9650b3c31,2293
176,1253bce2-0fe8-40d4-b1cd-505a8c4cf9fe,8da6aff7-d3c8-4d1c-9a33-bb2b01bcc8b2,2218
177,400f77b7-e761-4762-8723-a470d650b35a,45055d6b-3f68-4642-aab8-791f83767b33,2349
178,35260115-f0e7-47d5-aa6b-4947a773b8d2,45055d6b-3f68-4642-aab8-791f83767b33,2114
179,bd085853-6d0e-4acb-8ee4-94ed65279045,5a5b6f95-b77f-478b-a1e7-0179dde8ef5d,1986
180,5a8b68de-1e4a-4b79-a422-06cef94c9461,8da6aff7-d3c8-4d1c-9a33-bb2b01bcc8b2,1820
181,237fcd46-d142-4cf5-9dfd-217de9f951b0,d7539ef0-6130-44c8-81f7-4502f2c6981c,1896
182,c6b6a6a2-8a7e-48d4-a437-34e22c541476,af8df0dc-7761-45e1-821a-7e55d57e9bd8,2382
183,ce989415-d5f0-4a6d-b260-2b0d18d141f3,fdfbb28c-47c8-4340-9dec-f42e42c01c26,1944
184,ca1770f5-8a4b-4e33-b9df-1757f1d0132e,69f1c5af-b1a5-46da-8056-70202e3e0b1f,1243
185,469c036f-e641-4461-a0cd-60e758ef2712,2cba9264-16ab-415f-a0ae-b5e1db3f4918,1918
186,9b758c22-ccd0-4bf5-915b-1ba73dc39128,45055d6b-3f68-4642-aab8-791f83767b33,1494
187,8c7eb55a-6222-432a-a984-7f6ac4304042,563b7c40-ec9d-4615-ad82-32c3c1b2ef73,1423
188,99ae6fd6-e5f8-4d69-b7ca-07e9fc0da501,5a5b6f95-b77f-478b-a1e7-0179dde8ef5d,1488
189,a965dbfc-61a8-4a33-9e74-f6aeafe835d5,2a7ecf3d-ea1c-489e-954c-4fe3be55cbca,1302
190,db15814f-dec4-4e2b-89db-d766d97dab91,6bfdeac5-02c9-43fc-b341-b2b07aee4512,1961
191,8737aa66-3717-40d6-b242-a89fed3b1f69,d7539ef0-6130-44c8-81f7-4502f2c6981c,1603
192,d381ef1d-6114-4de8-a72d-4eb8ff758613,1224be2f-a7a8-41f6-ae71-c2e4fde0cf94,1692
193,5bfc9b45-3a54-4fe8-b097-72e8a3cf172c,00bbb420-ca71-423e-8229-0c6f0c714164,1993
194,6c736390-321b-442f-820f-14cea7a1ce89,45055d6b-3f68-4642-aab8-791f83767b33,1384
195,4b7add67-d976-4c87-b922-25ba16204a3d,af8df0dc-7761-45e1-821a-7e55d57e9bd8,2227
196,5dcf0e7b-77fe-4d62-bb3a-e0ff1e4a8564,5a5b6f95-b77f-478b-a1e7-0179dde8ef5d,1428
197,bca36b9e-8506-4493-a790-01528761383c,c65d91ba-f4fb-4bff-adc6-f16ff8764ae1,1368
198,516ee702-5b31-479b-9631-716d3c226347,c76e89c7-9beb-4400-b5dd-300c2e398fda,1805
199,4b8944b2-a19f-408d-8070-c2dc26f33726,69f1c5af-b1a5-46da-8056-70202e3e0b1f,1213
200,2248a4f4-29fd-4e26-b943-148ee1420937,00bbb420-ca71-423e-8229-0c6f0c714164,1678
201,c92fabcd-1437-4a69-940e-022cda678467,ca4e06e6-efb4-4c03-9207-996e88efbabb,1614
202,609504ea-59c5-4572-8aae-eccc0de264b5,69f1c5af-b1a5-46da-8056-70202e3e0b1f,2045
203,91e69aca-7e21-4588-8b2a-be00eed3052d,fdfbb28c-47c8-4340-9dec-f42e42c01c26,2110
204,e42ff81c-d7b4-40da-9692-aafd6cd8290c,d4ce9122-24cb-4001-b14a-a4c9650b3c31,2177
205,e833a17a-c12b-40ff-b14d-37b29d8605c1,563b7c40-ec9d-4615-ad82-32c3c1b2ef73,1565
206,0f335281-9c44-4e64-ae65-57b632c245a6,af8df0dc-7761-45e1-821a-7e55d57e9bd8,1684
207,54458cc0-c822-4e34-b926-2ca25525f9cf,2cba9264-16ab-415f-a0ae-b5e1db3f4918,2259
208,204e1e43-f1ac-4c17-aa6d-54ac00159b37,00bbb420-ca71-423e-8229-0c6f0c714164,1557
209,13fd59f8-efec-4711-855d-21b297f12a3c,45055d6b-3f68-4642-aab8-791f83767b33,1360
210,083eff70-ed55-4f1e-842b-523bb63be1ca,d4ce9122-24cb-4001-b14a-a4c9650b3c31,2095
211,4f1bc844-8f26-47c4-abc5-8c22b237328a,45055d6b-3f68-4642-aab8-791f83767b33,1546
212,980976f2-ff06-40dc-b475-54bdbe4df4ed,c65d91ba-f4fb-4bff-adc6-f16ff8764ae1,2187
213,94064213-f3fa-4d42-9788-50bca3cc4b60,6bfdeac5-02c9-43fc-b341-b2b07aee4512,2007
214,b17d5afc-004b-454a-8cb5-32f95c07f052,222f67ec-71fe-4d39-b246-3b9461cb66f2,1509
215,2f521543-24c7-43e7-a6af-16a62057d538,9501fb08-a53f-473b-af04-f8be7a3e0d35,1673
216,e32478f6-9395-4858-8092-02bc61d5ebfa,00bbb420-ca71-423e-8229-0c6f0c714164,1293
217,96e9d8b5-9965-4045-ad0a-963911b5fb1b,45055d6b-3f68-4642-aab8-791f83767b33,1872
218,78c98755-8933-4422-83bc-c4d49cc516a2,45055d6b-3f68-4642-aab8-791f83767b33,1968
219,0bd356db-5e5a-452f-a58d-3f15c3d3d622,00bbb420-ca71-423e-8229-0c6f0c714164,2126
220,0184a079-bb1a-42a2-a9db-5dcf30403053,c65d91ba-f4fb-4bff-adc6-f16ff8764ae1,1285
221,c7d9a16c-d0b5-4bf9-81c7-6fdff0b0378f,6bfdeac5-02c9-43fc-b341-b2b07aee4512,1490
222,ff3f6b72-59e2-4294-b3eb-8e1cdc666f4e,69f1c5af-b1a5-46da-8056-70202e3e0b1f,2051
223,e7e3daa2-6025-4f31-a29e-69c2651f3395,6bfdeac5-02c9-43fc-b341-b2b07aee4512,2014
224,f808a87d-416c-4a66-80d8-8ae2d5c13417,d7539ef0-6130-44c8-81f7-4502f2c6981c,1565
225,db6453b9-1a85-41b8-b66d-c5126a94aca7,c76e89c7-9beb-4400-b5dd-300c2e398fda,1754
226,e0f33c5c-afa4-4b27-b14a-02f465f6df71,c65d91ba-f4fb-4bff-adc6-f16ff8764ae1,1347
227,8bb85a46-7107-4c4b-8601-36279595cb7d,00bbb420-ca71-423e-8229-0c6f0c714164,2359
228,8c23e28a-6949-453d-81f6-d3f1e435c99d,ca4e06e6-efb4-4c03-9207-996e88efbabb,2016
229,188b0c5f-a774-4faa-b900-786172047228,2a7ecf3d-ea1c-489e-954c-4fe3be55cbca,1453
230,de696623-dfae-4a61-ae42-f7b9f2b44de6,222f67ec-71fe-4d39-b246-3b9461cb66f2,1607
231,fcd6b4cf-93ad-4298-819c-43ea7ec3566f,8da6aff7-d3c8-4d1c-9a33-bb2b01bcc8b2,1387
232,3832199d-63e3-4166-993a-3c337ea2ada4,5a5b6f95-b77f-478b-a1e7-0179dde8ef5d,2111
233,b11e5960-4e1a-48ad-8ce1-a4ddbfb8adf1,1224be2f-a7a8-41f6-ae71-c2e4fde0cf94,1810
234,d035eb10-fac9-497f-b716-a4b15c3adcd4,8da6aff7-d3c8-4d1c-9a33-bb2b01bcc8b2,1942
235,69229d48-0f6f-4a6e-b4d3-68be89c19dc5,563b7c40-ec9d-4615-ad82-32c3c1b2ef73,2029
236,06141837-4e95-45c9-9946-0ae2d3cecfb5,45055d6b-3f68-4642-aab8-791f83767b33,1391
237,cc59fe63-375c-48f4-a604-2e09818b3153,d4ce9122-24cb-4001-b14a-a4c9650b3c31,2219
238,d98d7ea6-e555-4588-a8bf-d3958876cba0,af8df0dc-7761-45e1-821a-7e55d57e9bd8,2123
239,2a254747-d585-4c29-a2d1-6788d2e4908e,92757080-d94a-4f4c-97ad-89ce5e58cc86,1424
240,9dd364dd-9276-43b7-834c-cf9a2648e468,c76e89c7-9beb-4400-b5dd-300c2e398fda,1349
241,0a55ef3c-a85a-4acc-b452-6a616bb2e07a,6bfdeac5-02c9-43fc-b341-b2b07aee4512,2220
242,51aeda95-cd2b-49cb-9181-18fb6d5c096c,563b7c40-ec9d-4615-ad82-32c3c1b2ef73,2098
243,e8957fa1-75f6-421d-9a2b-d9a9c116982d,fdfbb28c-47c8-4340-9dec-f42e42c01c26,2108
244,e2009a33-3c28-432f-8a9e-382c80e785ce,69f1c5af-b1a5-46da-8056-70202e3e0b1f,1512
245,b6aa2379-66c2-4b94-bddb-c6917be9a0a9,45055d6b-3f68-4642-aab8-791f83767b33,2287
246,1d92ad5e-ef05-4167-b80e-3cfd9566f087,d4ce9122-24cb-4001-b14a-a4c9650b3c31,1810
247,90b2d928-00b2-4175-bc06-28fe9136c332,2cba9264-16ab-415f-a0ae-b5e1db3f4918,1781
248,f5f0d671-5aac-4c08-8b02-ae232aa99aa1,fdfbb28c-47c8-4340-9dec-f42e42c01c26,1422
249,b0490bcd-ab40-44c0-a45d-355e4b2936a8,fdfbb28c-47c8-4340-9dec-f42e42c01c26,1257
250,1173db15-bb84-4920-87b6-7520a4af8f51,2cba9264-16ab-415f-a0ae-b5e1db3f4918,2190
251,516bda92-9368-48b5-a080-af661bce78b2,8da6aff7-d3c8-4d1c-9a33-bb2b01bcc8b2,1690
252,00a8a311-8a5d-4187-99ba-dadf758de694,d4ce9122-24cb-4001-b14a-a4c9650b3c31,1862
253,ca326e76-b57b-45ef-8207-89d5410ac385,af8df0dc-7761-45e1-821a-7e55d57e9bd8,1316
254,2ee7c44d-4659-4a1d-bb90-6b0549181b6b,563b7c40-ec9d-4615-ad82-32c3c1b2ef73,1941
255,b1b173c4-6b17-433d-9077-72c34fcd6084,af8df0dc-7761-45e1-821a-7e55d57e9bd8,1732
256,bc326b3f-3517-43fb-9b2e-e6a59467fc6e,6bfdeac5-02c9-43fc-b341-b2b07aee4512,1903
257,ffc48cb6-8611-45a0-88b8-5c0bfacad840,222f67ec-71fe-4d39-b246-3b9461cb66f2,1670
258,87f18c72-6cd9-44d0-943a-b5519fcf521b,5a5b6f95-b77f-478b-a1e7-0179dde8ef5d,2319
259,a23594a5-68d0-44bb-a97d-4148bcdf58ad,2cba9264-16ab-415f-a0ae-b5e1db3f4918,2169
260,07b56905-a4d9-4551-bf6e-94028591578d,92757080-d94a-4f4c-97ad-89ce5e58cc86,1981
261,53c10181-bcc0-40f8-af81-9770e9c917e7,af8df0dc-7761-45e1-821a-7e55d57e9bd8,1596
262,d28cadcc-3afe-4d05-a2a0-4de05c81b17f,fdfbb28c-47c8-4340-9dec-f42e42c01c26,2321
263,20763f1c-c519-45b4-a503-23c9621f7e4f,8da6aff7-d3c8-4d1c-9a33-bb2b01bcc8b2,1211
264,2029a938-5cbf-435a-bf4b-50c89fb17d72,92757080-d94a-4f4c-97ad-89ce5e58cc86,2388
265,9a58da14-cf48-436b-a8f9-8c844f3b5389,5a5b6f95-b77f-478b-a1e7-0179dde8ef5d,1467
266,fbfd6aa5-0f5d-4f0e-8cfc-d9b1dbd70185,45055d6b-3f68-4642-aab8-791f83767b33,1338
267,e6f2e928-3b48-49fe-84aa-c587e9d413ce,563b7c40-ec9d-4615-ad82-32c3c1b2ef73,1505
268,9930bcb6-1ae1-4b11-b25c-168dd05f0336,c76e89c7-9beb-4400-b5dd-300c2e398fda,1861
269,a6de4d57-941a-4015-9fe3-a9349ef61cdb,45055d6b-3f68-4642-aab8-791f83767b33,1546
270,a8875e4b-e354-4d17-826c-8426bbe0fd60,ca4e06e6-efb4-4c03-9207-996e88efbabb,1839
271,54f41d8a-1fb6-4332-978d-c5bb8aeb76a9,8da6aff7-d3c8-4d1c-9a33-bb2b01bcc8b2,1894
272,30a48918-3865-4fa2-b43d-ec8716b6ad57,222f67ec-71fe-4d39-b246-3b9461cb66f2,1596
273,79c1dc51-2893-4642-bd10-342d8709fb99,1224be2f-a7a8-41f6-ae71-c2e4fde0cf94,1348
274,d627c0d0-8098-49f9-bd8a-5b29906cfb74,af8df0dc-7761-45e1-821a-7e55d57e9bd8,1599
275,faab45d3-fe81-453c-9b58-d88c5c10fed4,9501fb08-a53f-473b-af04-f8be7a3e0d35,1815
276,77aed0d3-7bfc-4137-ac44-df878fbbce6f,c76e89c7-9beb-4400-b5dd-300c2e398fda,2006
277,e764e671-11aa-4759-a066-74a7e4a00dd5,ca4e06e6-efb4-4c03-9207-996e88efbabb,1491
278,4a090b9a-7276-49ed-9f8d-df0f57929ea0,222f67ec-71fe-4d39-b246-3b9461cb66f2,1850
279,84029148-1be8-446d-a402-bd85985cec3c,6bfdeac5-02c9-43fc-b341-b2b07aee4512,1858
280,d55bae4b-0b44-4b3d-be03-363a202ddb5e,2cba9264-16ab-415f-a0ae-b5e1db3f4918,2338
281,26fb4775-cf92-4d53-813b-1f0b4d514dba,00bbb420-ca71-423e-8229-0c6f0c714164,1816
282,6402c7e4-a090-4797-950f-12a169a48c43,8da6aff7-d3c8-4d1c-9a33-bb2b01bcc8b2,2174
283,85a12498-40d4-4505-926b-2d27f9d06ecc,69f1c5af-b1a5-46da-8056-70202e3e0b1f,1276
284,bd204e0b-d80a-40cb-9f3a-6b19bb5f628d,00bbb420-ca71-423e-8229-0c6f0c714164,2155
285,20087097-6a10-4960-b539-bd93950407d4,92757080-d94a-4f4c-97ad-89ce5e58cc86,1906
286,7484941f-ef97-4100-9b5d-617845da8a34,45055d6b-3f68-4642-aab8-791f83767b33,2324
287,806350f9-561b-47ab-8ce3-583a244bf022,d7539ef0-6130-44c8-81f7-4502f2c6981c,1939
288,e017e224-60a5-49e1-b033-8d1b7075434b,d7539ef0-6130-44c8-81f7-4502f2c6981c,1690
289,df1d3f2f-ffc5-4f58-ac11-033146225b95,d4ce9122-24cb-4001-b14a-a4c9650b3c31,1512
290,35fe8cc3-7764-4825-8c4b-f51931fb9728,69f1c5af-b1a5-46da-8056-70202e3e0b1f,1433
291,a6fa4ecb-c359-4f5b-9c41-5ee9c470eceb,563b7c40-ec9d-4615-ad82-32c3c1b2ef73,1840
292,292cd2b3-0b54-4132-947c-9a0571c3c321,af8df0dc-7761-45e1-821a-7e55d57e9bd8,1251
293,0f15c547-e9a4-41d3-a8a4-ade0fa8db5e8,6bfdeac5-02c9-43fc-b341-b2b07aee4512,1562
294,24efd72c-aec2-48a0-91f1-5467289d3aaa,d4ce9122-24cb-4001-b14a-a4c9650b3c31,2334
295,e9f2aaad-83c9-4754-a2dc-0e4a50216490,d7539ef0-6130-44c8-81f7-4502f2c6981c,2118
296,e0d511a9-3286-400a-bb86-18da14b94504,00bbb420-ca71-423e-8229-0c6f0c714164,1808
297,759a57d8-5df4-43e4-9b04-2c7b7d1c2132,45055d6b-3f68-4642-aab8-791f83767b33,2226
298,37546c4d-c583-4737-b43a-7a894110216c,45055d6b-3f68-4642-aab8-791f83767b33,1645
299,88e12199-dae6-45ae-aadb-2824c04de3d9,69f1c5af-b1a5-46da-8056-70202e3e0b1f,1396
300,cf20511c-de3c-464a-a528-6a25f464e58d,af8df0dc-7761-45e1-821a-7e55d57e9bd8,1903
301,df1c0f54-6980-4a44-bf5c-0df6110906a8,2cba9264-16ab-415f-a0ae-b5e1db3f4918,1805
302,4656241b-94fb-40f4-b6f1-297c3f396510,fdfbb28c-47c8-4340-9dec-f42e42c01c26,1841
303,d3c307e5-643e-4426-a959-2c3bf3e21236,2a7ecf3d-ea1c-489e-954c-4fe3be55cbca,1773
304,6740860f-f36a-41da-9a7e-6885838a1d7b,69f1c5af-b1a5-46da-8056-70202e3e0b1f,1254
305,c0ef6920-a455-44a3-a045-c786afc25c5d,69f1c5af-b1a5-46da-8056-70202e3e0b1f,2022
306,706b17a4-b7d2-4753-9b21-5b9d812703a6,ca4e06e6-efb4-4c03-9207-996e88efbabb,1459
307,920876cc-2656-4069-9ac9-3dd7d4f55ced,2cba9264-16ab-415f-a0ae-b5e1db3f4918,1958
308,f34740d6-555a-478b-adb6-adf5da1355b6,c65d91ba-f4fb-4bff-adc6-f16ff8764ae1,1741
309,68ba0f4d-d894-4085-8dd7-6dc9d4677683,8da6aff7-d3c8-4d1c-9a33-bb2b01bcc8b2,2194
310,eb79bb14-c5ff-49d5-b03e-56f92d720072,8da6aff7-d3c8-4d1c-9a33-bb2b01bcc8b2,1973
311,bc1fd89a-00f3-47dd-b0ae-7788612eb1d1,00bbb420-ca71-423e-8229-0c6f0c714164,2324
312,88fcd652-01ff-49c8-8f01-c20e979cf1d7,1224be2f-a7a8-41f6-ae71-c2e4fde0cf94,1549
313,32494ea5-474f-4618-b304-a03e49e25a5b,222f67ec-71fe-4d39-b246-3b9461cb66f2,2074
314,37e2084a-84c5-4fb1-87e7-31aacf17934e,222f67ec-71fe-4d39-b246-3b9461cb66f2,1720
315,02d8e3cf-6f3f-4821-ab04-428cfcdc2f56,69f1c5af-b1a5-46da-8056-70202e3e0b1f,2013
316,2bb82deb-39bd-410d-935e-4733cfd2fdc7,563b7c40-ec9d-4615-ad82-32c3c1b2ef73,2019
317,e96db35f-69bc-4fa5-827f-a434e4008908,d7539ef0-6130-44c8-81f7-4502f2c6981c,1836
318,2d8f3c8e-6137-45b3-8619-cf0b19f64be5,69f1c5af-b1a5-46da-8056-70202e3e0b1f,2097
319,23c69f6f-0879-4cd7-a7bd-443085700dad,45055d6b-3f68-4642-aab8-791f83767b33,1250
320,da7f14cd-d9b3-4b53-af71-618846b928cb,00bbb420-ca71-423e-8229-0c6f0c714164,1714
321,6f77c8cb-2411-4265-9fa8-c88ea28fd0dc,92757080-d94a-4f4c-97ad-89ce5e58cc86,1704
322,3086d9ed-c695-4a84-b053-75b4a28b5a3b,6bfdeac5-02c9-43fc-b341-b2b07aee4512,2292
323,2dde96f1-277f-4a6a-a504-886b1c4c5383,6bfdeac5-02c9-43fc-b341-b2b07aee4512,2111
324,050ce582-7e54-403c-a1d2-8fbf0333b279,9501fb08-a53f-473b-af04-f8be7a3e0d35,1658
325,e8b197e5-d53d-46e5-b470-69a171eb16fa,8da6aff7-d3c8-4d1c-9a33-bb2b01bcc8b2,2056
326,a2aee0bb-8060-445e-be8b-ea8e425d1c23,d4ce9122-24cb-4001-b14a-a4c9650b3c31,2285
327,ae866c22-8781-41e8-8178-d84a6e45e6d0,d7539ef0-6130-44c8-81f7-4502f2c6981c,1375
328,90e23e44-bf9d-44dd-8e6a-c32e003cf6d2,c65d91ba-f4fb-4bff-adc6-f16ff8764ae1,1454
329,cf27afd3-0df2-4133-a21d-b3c4298f2209,00bbb420-ca71-423e-8229-0c6f0c714164,1338
330,8bba4c1d-7686-4d68-8b45-8663fb558cb1,2cba9264-16ab-415f-a0ae-b5e1db3f4918,1325
331,b1008325-3ce4-480f-a39c-ba37d3eef60f,2a7ecf3d-ea1c-489e-954c-4fe3be55cbca,1686
332,fcb83697-b818-4f93-9584-11f92cf41830,d7539ef0-6130-44c8-81f7-4502f2c6981c,1958
333,ad1e616a-882b-40fd-932f-1f4e8e6c1fa6,fdfbb28c-47c8-4340-9dec-f42e42c01c26,1435
334,1a0204cc-8be3-4c10-97a3-b149f9899b7f,2cba9264-16ab-415f-a0ae-b5e1db3f4918,1956
335,76c01c12-26ad-404d-852d-38981fb358d9,c65d91ba-f4fb-4bff-adc6-f16ff8764ae1,2399
336,b7563d9f-1f01-48bd-ab6b-aaa57995b5e7,d4ce9122-24cb-4001-b14a-a4c9650b3c31,1612
337,27dcf49d-2b2e-4a90-a0e8-cc8255f4ca29,d7539ef0-6130-44c8-81f7-4502f2c6981c,2369
338,c2ebcec9-9fd7-4dec-bb8b-e77e77a526c1,2a7ecf3d-ea1c-489e-954c-4fe3be55cbca,1359
339,9d8a2eaa-4695-494c-83dd-e9c9df6a3628,8da6aff7-d3c8-4d1c-9a33-bb2b01bcc8b2,1499
340,7a89effd-1f30-4ecb-9d8f-a55f1ed3c7a2,9501fb08-a53f-473b-af04-f8be7a3e0d35,1952
341,195c1429-73f4-4141-9a17-64fa51b782ed,6bfdeac5-02c9-43fc-b341-b2b07aee4512,1775
342,067d6a4a-89f6-482a-a7a0-c6e5abd64e1e,d7539ef0-6130-44c8-81f7-4502f2c6981c,1200
343,5e43d726-068f-4017-a5c1-c1e626c0b8c8,45055d6b-3f68-4642-aab8-791f83767b33,2303
344,f75552d1-9c1e-403a-8f30-ac0e5cf75e34,1224be2f-a7a8-41f6-ae71-c2e4fde0cf94,2240
345,8f380eaf-365c-4309-afe8-5650aeac591c,222f67ec-71fe-4d39-b246-3b9461cb66f2,1372
346,27b6a2e2-724f-479e-8783-370a6ec24c0b,00bbb420-ca71-423e-8229-0c6f0c714164,1990
347,69dc524f-fc65-4a36-8634-5909cd3e287b,563b7c40-ec9d-4615-ad82-32c3c1b2ef73,1894
348,aadaab6a-75f0-4f42-abe1-f2c9a9ad572d,ca4e06e6-efb4-4c03-9207-996e88efbabb,1445
349,49477120-245b-4e3a-9023-6096129a2bca,00bbb420-ca71-423e-8229-0c6f0c714164,2222
350,1761490f-e4fe-4e05-b481-5f6ddcadfdff,8da6aff7-d3c8-4d1c-9a33-bb2b01bcc8b2,1977
351,0800cbd8-e96f-45d5-9493-958583b16126,d7539ef0-6130-44c8-81f7-4502f2c6981c,1202
352,4e318ce2-af0c-44dc-8e06-2d44d6858717,1224be2f-a7a8-41f6-ae71-c2e4fde0cf94,2101
353,87596a0a-451a-45cf-b93f-72ee9659fc29,9501fb08-a53f-473b-af04-f8be7a3e0d35,2335
354,0daad6b0-22a5-4ee3-b1c8-830e2711c0b6,1224be2f-a7a8-41f6-ae71-c2e4fde0cf94,1518
355,4549209e-8363-444a-bc8c-839dfd61e650,6bfdeac5-02c9-43fc-b341-b2b07aee4512,1516
356,0be69756-38d1-4d52-9396-6b64a22779b2,2cba9264-16ab-415f-a0ae-b5e1db3f4918,1637
357,4e8b04cb-9a52-4e18-a4d5-7308cc1ed594,222f67ec-71fe-4d39-b246-3b9461cb66f2,2316
358,3e36f692-b8c6-4d85-a477-544effa0e0d9,c76e89c7-9beb-4400-b5dd-300c2e398fda,1392
359,d8f41b28-8fb0-4e01-9253-013e5a25a1af,ca4e06e6-efb4-4c03-9207-996e88efbabb,2259
360,f3bdb4be-9e47-4bc2-9c67-52a344fe6e0d,ca4e06e6-efb4-4c03-9207-996e88efbabb,1904
361,ffec27e9-7d1b-4c6c-a82d-422ecc2d1340,d7539ef0-6130-44c8-81f7-4502f2c6981c,1242
362,a7b9d507-7f5b-4d75-8677-64a411e70075,2cba9264-16ab-415f-a0ae-b5e1db3f4918,1584
363,a887a6d1-852a-4eb3-b967-ebef69c22ced,2cba9264-16ab-415f-a0ae-b5e1db3f4918,1719
364,e2d9ec72-08d2-47a6-b4f5-9eeb2806ba8a,af8df0dc-7761-45e1-821a-7e55d57e9bd8,2133
365,0ec9d19c-11c0-43fb-b387-7cc135437ceb,8da6aff7-d3c8-4d1c-9a33-bb2b01bcc8b2,1546
366,f7816499-dcb8-46d1-9db8-c18d9c8bfa37,af8df0dc-7761-45e1-821a-7e55d57e9bd8,2287
367,634124f8-221b-4681-a5a2-767b4098268c,00bbb420-ca71-423e-8229-0c6f0c714164,1962
368,1db358d0-c96d-4398-83b0-2f9381967d71,8da6aff7-d3c8-4d1c-9a33-bb2b01bcc8b2,1294
369,aa011ba4-9913-4539-946c-60bbf22d6c95,5a5b6f95-b77f-478b-a1e7-0179dde8ef5d,1921
370,74627483-9d62-44e0-a750-f58a09109654,8da6aff7-d3c8-4d1c-9a33-bb2b01bcc8b2,1860
371,48116d1f-b5c3-4c09-b4fc-27c8ba5bbfc1,6bfdeac5-02c9-43fc-b341-b2b07aee4512,1568
372,8b11e50a-7b27-4bb4-b358-db5284ca9f1e,222f67ec-71fe-4d39-b246-3b9461cb66f2,1427
373,92d10aa8-4da6-4f7b-92ec-5716f8a7b20c,c65d91ba-f4fb-4bff-adc6-f16ff8764ae1,1564
374,918605e3-88e9-4399-b36f-1112356ebd58,45055d6b-3f68-4642-aab8-791f83767b33,1494
375,1ce45dd5-b8d9-4ac8-b14a-06da11c6d113,d4ce9122-24cb-4001-b14a-a4c9650b3c31,1640
376,83c53116-88b4-4a2c-bf8a-469d4f513027,af8df0dc-7761-45e1-821a-7e55d57e9bd8,1316
377,00372bc9-5a30-494e-9064-d4eba290decc,45055d6b-3f68-4642-aab8-791f83767b33,2095
378,c108c519-b4f8-4ca4-b71f-c4c1bbf32877,c76e89c7-9beb-4400-b5dd-300c2e398fda,2395
379,4295268b-3fea-46cb-b6d9-431e04fbbf71,6bfdeac5-02c9-43fc-b341-b2b07aee4512,1353
380,5922532d-d10c-42c3-b8af-58b893ad07a6,af8df0dc-7761-45e1-821a-7e55d57e9bd8,1497
381,8ac98875-83a0-4558-92cc-544ff9024a4e,92757080-d94a-4f4c-97ad-89ce5e58cc86,1389
382,a9d46e06-837c-49e7-a1bc-96523bd3c55a,d7539ef0-6130-44c8-81f7-4502f2c6981c,1549
383,0699cba0-e69d-483c-b853-ec80f27fa190,563b7c40-ec9d-4615-ad82-32c3c1b2ef73,1591
384,756fd264-eb98-4ae4-92e7-9aad590b0cc4,9501fb08-a53f-473b-af04-f8be7a3e0d35,1500
385,16369d82-931c-497b-9571-411f98c3bf1b,92757080-d94a-4f4c-97ad-89ce5e58cc86,1544
386,d3647072-bd7f-406b-93c1-6c59f94b3c1a,69f1c5af-b1a5-46da-8056-70202e3e0b1f,1661
387,7560cd3a-ddf2-4a41-ab6c-c961b52b34f4,af8df0dc-7761-45e1-821a-7e55d57e9bd8,2298
388,49a0f8e3-67d6-4c2a-aa9f-c94373ec7ccc,ca4e06e6-efb4-4c03-9207-996e88efbabb,2246
389,04699c6d-907d-4c0f-87ea-55605c6baa5d,af8df0dc-7761-45e1-821a-7e55d57e9bd8,1575
390,7aa2f705-ece8-4c4f-a99e-a85934db6933,563b7c40-ec9d-4615-ad82-32c3c1b2ef73,1575
391,8cf296b8-4550-4a96-a3db-03fd80704de2,c65d91ba-f4fb-4bff-adc6-f16ff8764ae1,1696
392,9762fde2-09dd-49f0-aaf6-ef891ae5f0c3,fdfbb28c-47c8-4340-9dec-f42e42c01c26,1502
393,d7ec9c5e-ad9b-4f45-9c32-3ce85cec5465,d7539ef0-6130-44c8-81f7-4502f2c6981c,1717
394,0cb6b782-acd8-4131-a611-0da04468aa2e,5a5b6f95-b77f-478b-a1e7-0179dde8ef5d,1362
395,d8070ff5-ecf6-42d2-b55a-1388f75865f8,5a5b6f95-b77f-478b-a1e7-0179dde8ef5d,1378
396,a38052be-35e8-47f2-b45c-a8d8433f4d7f,af8df0dc-7761-45e1-821a-7e55d57e9bd8,1950
397,60430c01-4bee-494c-b82c-3f3351e6a0f5,9501fb08-a53f-473b-af04-f8be7a3e0d35,2242
398,cee95526-d9ab-432f-8b2f-3837ec2532b6,8da6aff7-d3c8-4d1c-9a33-bb2b01bcc8b2,2359
399,192437ba-878c-4d7b-8650-44b68001028a,d4ce9122-24cb-4001-b14a-a4c9650b3c31,1815
400,45b0d584-9f25-4221-93c3-2ced0e054608,ca4e06e6-efb4-4c03-9207-996e88efbabb,1435
401,8532f01b-6848-480a-bbdc-cb9d39f3e423,45055d6b-3f68-4642-aab8-791f83767b33,1722
402,2410cfdf-1dbc-4bf3-875d-cb1116a5d3dc,af8df0dc-7761-45e1-821a-7e55d57e9bd8,2094
403,2553943d-a8f2-45d7-9cb3-59621162a5f1,fdfbb28c-47c8-4340-9dec-f42e42c01c26,2119
404,4f9fa30d-f639-4317-a423-a79c94d8ce16,c65d91ba-f4fb-4bff-adc6-f16ff8764ae1,1826
405,aff94e9a-faf5-4a95-a9e8-0cbbfcf250d6,d4ce9122-24cb-4001-b14a-a4c9650b3c31,2007
406,d25e63d5-6c10-4b53-8cb9-b1f24f275ba7,d4ce9122-24cb-4001-b14a-a4c9650b3c31,2112
407,378470c3-c5c5-4089-b0a5-827d34e028aa,fdfbb28c-47c8-4340-9dec-f42e42c01c26,1467
408,31d0f488-e9cd-466a-9163-52ad47e587ba,5a5b6f95-b77f-478b-a1e7-0179dde8ef5d,2324
409,9d8331e0-c7b6-4e36-8144-9328187fed61,d7539ef0-6130-44c8-81f7-4502f2c6981c,2143
410,d3479b31-5c71-4925-8fae-8e7bcea9eaf6,92757080-d94a-4f4c-97ad-89ce5e58cc86,1208
411,9f50b8d6-84d9-4f46-ab11-0b4ea9cfbe83,45055d6b-3f68-4642-aab8-791f83767b33,1552
412,695b09f7-28b1-43c5-bfa6-92084323404a,8da6aff7-d3c8-4d1c-9a33-bb2b01bcc8b2,1413
413,e4b8b143-0ba6-433b-aa5b-bea0dbce5bc5,8da6aff7-d3c8-4d1c-9a33-bb2b01bcc8b2,1338
414,8579d0da-f337-411b-a708-9077abb30845,9501fb08-a53f-473b-af04-f8be7a3e0d35,2396
415,9c1234f2-f811-4baf-88c6-434ed52deac2,92757080-d94a-4f4c-97ad-89ce5e58cc86,2083
416,ca8c01e1-ceab-462f-a786-93fd1a04dbbc,222f67ec-71fe-4d39-b246-3b9461cb66f2,1369
417,03732768-9f98-4995-bf3d-106069921874,9501fb08-a53f-473b-af04-f8be7a3e0d35,1498
418,a9e3fa47-ff4e-45ee-b84c-3dbd7604cebd,d4ce9122-24cb-4001-b14a-a4c9650b3c31,1658
419,478bf683-c279-44b4-936c-b68accd05adf,45055d6b-3f68-4642-aab8-791f83767b33,2051
420,1a2d43c9-3c6d-4d46-a12c-37f6703bbaa2,ca4e06e6-efb4-4c03-9207-996e88efbabb,1372
421,199fe7ba-723d-435f-b104-86c69a160d7e,c76e89c7-9beb-4400-b5dd-300c2e398fda,1384
422,77854329-ca83-4bd1-93d4-56316b4fedef,2a7ecf3d-ea1c-489e-954c-4fe3be55cbca,2337
423,6f3c270a-5086-4ef1-bf50-4a03b7d314f5,69f1c5af-b1a5-46da-8056-70202e3e0b1f,1463
424,ee755226-184a-44ed-9282-1e9141c64137,00bbb420-ca71-423e-8229-0c6f0c714164,2391
425,096075d2-2be7-49cf-acac-0baa27fb17c2,2a7ecf3d-ea1c-489e-954c-4fe3be55cbca,1788
426,58a07b06-c45c-4ab1-9b39-6576a8d92979,6bfdeac5-02c9-43fc-b341-b2b07aee4512,1861
427,43abae49-6fe7-4e46-8ffb-cae1b5eb5c92,92757080-d94a-4f4c-97ad-89ce5e58cc86,1693
428,137e8d6f-16f3-4418-8321-211050d9c4a5,69f1c5af-b1a5-46da-8056-70202e3e0b1f,2386
429,1bc19c64-0f53-4c79-b2bc-d01430bff035,d7539ef0-6130-44c8-81f7-4502f2c6981c,1880
430,e22e2636-4c0d-4c8a-8a06-65e3ae656a75,9501fb08-a53f-473b-af04-f8be7a3e0d35,1506
431,76bbe213-cfb3-4080-964d-2113dde8004d,2a7ecf3d-ea1c-489e-954c-4fe3be55cbca,1990
432,bae5782f-2571-443a-a95b-b0fd19c0c478,69f1c5af-b1a5-46da-8056-70202e3e0b1f,2215
433,daf764a2-f4eb-4132-aa8b-1c007754cf47,00bbb420-ca71-423e-8229-0c6f0c714164,1827
434,3e9742cf-8b88-4e29-bbb3-2323559d4251,d4ce9122-24cb-4001-b14a-a4c9650b3c31,1835
435,5c9923a0-f9d8-4f96-9bfe-d972f2908836,c65d91ba-f4fb-4bff-adc6-f16ff8764ae1,1830
436,5eaf980e-9184-4ea4-9247-f15a845b80f8,2a7ecf3d-ea1c-489e-954c-4fe3be55cbca,2038
437,bf903296-58e6-49de-a210-6db847ccaaed,45055d6b-3f68-4642-aab8-791f83767b33,1326
438,37703665-3c95-41f9-94ab-029f09ebcbe1,69f1c5af-b1a5-46da-8056-70202e3e0b1f,1726
439,58a42d3e-dd95-4339-9266-fd4b2514ab22,8da6aff7-d3c8-4d1c-9a33-bb2b01bcc8b2,1616
440,8424bd4c-0720-4447-b18a-408451253bfe,2cba9264-16ab-415f-a0ae-b5e1db3f4918,1484
441,5d6b4453-d007-4697-a24e-d18d06c99524,2a7ecf3d-ea1c-489e-954c-4fe3be55cbca,1578
442,8ec8dafd-fceb-44f1-8d50-9f1568a705a0,ca4e06e6-efb4-4c03-9207-996e88efbabb,2304
443,826ce344-d404-4f52-8c04-a6d76d10df51,c65d91ba-f4fb-4bff-adc6-f16ff8764ae1,1327
444,7a03ec07-7008-4eed-96b4-504eb0e47379,69f1c5af-b1a5-46da-8056-70202e3e0b1f,1830
445,5f8254ac-6d0c-4b53-a5a5-aaf49b56ef40,9501fb08-a53f-473b-af04-f8be7a3e0d35,1302
446,6da1f3e6-a124-4aab-9ca3-505f03a21165,d7539ef0-6130-44c8-81f7-4502f2c6981c,1541
447,732e0215-2c8d-429d-994a-fe9ae4909230,5a5b6f95-b77f-478b-a1e7-0179dde8ef5d,1697
448,6db4612c-d8be-48a9-8bf6-a0e4c014ca87,8da6aff7-d3c8-4d1c-9a33-bb2b01bcc8b2,1840
449,b5c0fc98-22c2-49c8-b8b7-b02c4e5c1368,d4ce9122-24cb-4001-b14a-a4c9650b3c31,1218
450,6ae2f392-c562-4064-8326-4780c6e95af0,fdfbb28c-47c8-4340-9dec-f42e42c01c26,1753
451,6db073a7-3914-49fa-813c-8630f72e8d0d,2a7ecf3d-ea1c-489e-954c-4fe3be55cbca,2305
452,8ba04e4b-996b-44b2-b8ee-8bb20c749145,2cba9264-16ab-415f-a0ae-b5e1db3f4918,1788
453,5986305f-2138-474e-a612-2993f4f01c2f,1224be2f-a7a8-41f6-ae71-c2e4fde0cf94,2375
454,99ee1a7a-fdb6-4f4e-82ad-a22b64758025,af8df0dc-7761-45e1-821a-7e55d57e9bd8,1567
455,21a1a57f-278d-4314-8264-4a88d95e45e4,d7539ef0-6130-44c8-81f7-4502f2c6981c,1861
456,5a928a23-f4a3-46b7-903b-13ee2900b349,d7539ef0-6130-44c8-81f7-4502f2c6981c,1588
457,66928400-9d40-4098-ae0d-b99bada430d0,fdfbb28c-47c8-4340-9dec-f42e42c01c26,2355
458,94a34fe3-b376-4bf2-ad1c-0f10f6f24acf,d4ce9122-24cb-4001-b14a-a4c9650b3c31,1959
459,1cceafea-7edc-4e8d-8fc5-392eee06b5ce,d4ce9122-24cb-4001-b14a-a4c9650b3c31,1776
460,379d3210-ddde-4c91-b889-003117157f7e,222f67ec-71fe-4d39-b246-3b9461cb66f2,1378
461,89f14db0-0ea1-4876-aa0f-9e647325ef38,69f1c5af-b1a5-46da-8056-70202e3e0b1f,2028
462,58f907b1-58b2-4e85-83ee-3eaa42501a10,ca4e06e6-efb4-4c03-9207-996e88efbabb,2240
463,56641e7a-3131-4dfe-ba72-22c229b2b994,6bfdeac5-02c9-43fc-b341-b2b07aee4512,1723
464,d0e9baaa-205d-44ac-93f0-11e93777f756,00bbb420-ca71-423e-8229-0c6f0c714164,2242
465,44d869ab-4089-4a0a-bdb6-3746497dacdf,00bbb420-ca71-423e-8229-0c6f0c714164,1533
466,b39433c6-0135-4f2f-9012-e6047dbaee24,8da6aff7-d3c8-4d1c-9a33-bb2b01bcc8b2,1318
467,093f4e5b-3449-4dc0-ae95-4c837e73af2d,8da6aff7-d3c8-4d1c-9a33-bb2b01bcc8b2,1261
468,7adf1740-8978-4536-bee8-2f04c950d058,00bbb420-ca71-423e-8229-0c6f0c714164,1362
469,a6a4d8d7-7c40-4a52-bd4a-ecc64446c411,c76e89c7-9beb-4400-b5dd-300c2e398fda,1205
470,02074b1c-67b5-4a16-b577-4a1156958c5d,1224be2f-a7a8-41f6-ae71-c2e4fde0cf94,2148
471,fe8ab4e6-5df1-438c-8fa1-d53a49c56a99,c65d91ba-f4fb-4bff-adc6-f16ff8764ae1,1396
472,c02b0798-2961-413c-aec7-b1168b2deb9b,222f67ec-71fe-4d39-b246-3b9461cb66f2,1354
473,cd54c045-365d-441c-8227-e6751eaecd4d,8da6aff7-d3c8-4d1c-9a33-bb2b01bcc8b2,1791
474,6e486f73-cb6f-4c7c-a77a-d595081bb84e,45055d6b-3f68-4642-aab8-791f83767b33,1624
475,9cf412b2-d119-43c7-9e5a-2da5db4beb5d,69f1c5af-b1a5-46da-8056-70202e3e0b1f,2026
476,fc64a153-8c04-44ba-aeff-c936f6389289,00bbb420-ca71-423e-8229-0c6f0c714164,1429
477,f7636929-17f1-461c-b196-f2ee93d93d5e,2a7ecf3d-ea1c-489e-954c-4fe3be55cbca,1996
478,1e8a523b-c0f6-44df-9354-9438eef28992,c76e89c7-9beb-4400-b5dd-300c2e398fda,1865
479,74ef7092-eac7-422a-abdf-654e63ae2f95,c76e89c7-9beb-4400-b5dd-300c2e398fda,1853
480,5a779eb0-c8cb-49fe-8520-384c506ddb63,222f67ec-71fe-4d39-b246-3b9461cb66f2,1281
481,bc3028fe-f4b5-4825-b4a4-138cd14a8432,9501fb08-a53f-473b-af04-f8be7a3e0d35,1658
482,910968e2-29cc-452e-a520-ecfd0116f58e,1224be2f-a7a8-41f6-ae71-c2e4fde0cf94,1766
483,c207b1a7-aea6-46ee-8413-4cc0edffa115,8da6aff7-d3c8-4d1c-9a33-bb2b01bcc8b2,1811
484,021b419d-5354-4045-9350-4170b3a93a82,8da6aff7-d3c8-4d1c-9a33-bb2b01bcc8b2,2207
485,8c10ca51-fc69-4ed1-b3cc-72df2c2d3abe,563b7c40-ec9d-4615-ad82-32c3c1b2ef73,2301
486,d31a653e-3125-4008-9382-09d94d6e9c64,c65d91ba-f4fb-4bff-adc6-f16ff8764ae1,2092
487,b433326c-775d-44be-bd66-5a18e58dbe11,222f67ec-71fe-4d39-b246-3b9461cb66f2,2306
488,4ec6e203-871f-47ea-a7fb-5aec5441dc6f,d7539ef0-6130-44c8-81f7-4502f2c6981c,1374
489,0c909da8-5c46-440a-a56a-b54f45557b07,2a7ecf3d-ea1c-489e-954c-4fe3be55cbca,2178
490,51552ce1-89c0-4e4f-a269-06afe53d8158,2cba9264-16ab-415f-a0ae-b5e1db3f4918,2194
491,fc004525-c176-4ace-a47a-dd742b59da1a,563b7c40-ec9d-4615-ad82-32c3c1b2ef73,1803
492,7e86d19e-92a7-4e43-93b8-3bd95c33bd13,563b7c40-ec9d-4615-ad82-32c3c1b2ef73,1613
493,8e0b55fe-834f-4c27-935e-558bc46dd7e3,ca4e06e6-efb4-4c03-9207-996e88efbabb,2026
494,fdbcc665-77a5-4449-b46d-bb27d049c919,222f67ec-71fe-4d39-b246-3b9461cb66f2,2143
495,3bf30f4a-0575-416c-907b-afb7aac33a5a,d7539ef0-6130-44c8-81f7-4502f2c6981c,1238
496,84c74e39-69d5-4133-ab62-ca46a5e747ae,2cba9264-16ab-415f-a0ae-b5e1db3f4918,2134
497,7f12e459-1de8-49aa-b93e-7f198098d4d5,69f1c5af-b1a5-46da-8056-70202e3e0b1f,1892
498,d8749376-9a59-4e29-b55a-ce03ad8cf84d,2a7ecf3d-ea1c-489e-954c-4fe3be55cbca,1641
499,af976564-d1e8-499c-a132-885af681ee37,1224be2f-a7a8-41f6-ae71-c2e4fde0cf94,1712
