,visite_id,episode_id,serie_id,user_id,n_secondes
0,6d3fa172-137f-4bde-8932-bd9dca2472a7,20087097-6a10-4960-b539-bd93950407d4,92757080-d94a-4f4c-97ad-89ce5e58cc86,248abcef-72cb-4ff1-b7f2-ac72755d64b5,956
1,a35d65a6-7f27-4bf7-a51b-80ddea5696cd,bd204e0b-d80a-40cb-9f3a-6b19bb5f628d,00bbb420-ca71-423e-8229-0c6f0c714164,09cc234c-8167-4fe6-9c2c-473c4c25e719,80
2,cc339140-2eb2-4246-8ec4-d8ec05726ee4,df1c0f54-6980-4a44-bf5c-0df6110906a8,2cba9264-16ab-415f-a0ae-b5e1db3f4918,666bee46-686a-455b-8d38-f8908f62a3aa,125
3,72396d5c-e7b7-4b2c-bcc4-812dc5ffbdf9,83c53116-88b4-4a2c-bf8a-469d4f513027,af8df0dc-7761-45e1-821a-7e55d57e9bd8,facc30c9-d01a-4526-b601-90c91c5e89fa,894
4,28af17bd-369a-403f-9dad-c9573e41b9ab,4261f14c-e0c1-4070-ae65-5ce173018fe3,c76e89c7-9beb-4400-b5dd-300c2e398fda,802985bc-a614-4d2a-92e7-cc381082dbe5,1254
5,7185f01f-9a58-458b-9327-17336dccfac2,2bc09f50-a517-4eb4-9954-5bb143ba3a68,563b7c40-ec9d-4615-ad82-32c3c1b2ef73,fea23f09-43be-489d-8cba-429ba52946a6,1290
6,b1390f85-9ffd-4188-a817-e1ceffd4cbdc,fe3b6b4f-9ab8-4166-b953-c3e16763aa4c,222f67ec-71fe-4d39-b246-3b9461cb66f2,802985bc-a614-4d2a-92e7-cc381082dbe5,590
7,e61ae6e7-c343-4921-b79d-fdf51bf62747,b2191d21-bc87-45a3-854a-1b187cb92396,92757080-d94a-4f4c-97ad-89ce5e58cc86,e3b52b66-8225-4eac-a332-3274ec6f56da,1219
8,553c122d-8cea-4c6d-9c39-554b37d64fd7,8bc44858-d9b0-4738-ab84-5c6652a1c0b6,c65d91ba-f4fb-4bff-adc6-f16ff8764ae1,e8e3b53d-baac-4663-bd98-b320bf0ba35e,123
9,ef0bf4de-27fc-4343-86d9-8203ee396dfc,27b6a2e2-724f-479e-8783-370a6ec24c0b,00bbb420-ca71-423e-8229-0c6f0c714164,891f2a6e-45e9-4e63-9180-4e6ea8742825,277
10,736ddc86-7f07-4a4f-ba21-620964a781e6,951344e4-007c-454b-a555-76ce4485fd61,2a7ecf3d-ea1c-489e-954c-4fe3be55cbca,173b06b5-0a53-4577-9c99-8de171f95ad6,318
11,98adc66f-e081-47ee-8d53-26a207e355a8,90e23e44-bf9d-44dd-8e6a-c32e003cf6d2,c65d91ba-f4fb-4bff-adc6-f16ff8764ae1,666bee46-686a-455b-8d38-f8908f62a3aa,850
12,af9328b2-f144-4e13-b402-9662c59ce63d,6e486f73-cb6f-4c7c-a77a-d595081bb84e,45055d6b-3f68-4642-aab8-791f83767b33,e79a1b76-d63d-45c5-8959-0fbb6f1407ce,1332
13,559e2297-3443-49c9-ac34-47e02a0d44a6,e9f2aaad-83c9-4754-a2dc-0e4a50216490,d7539ef0-6130-44c8-81f7-4502f2c6981c,34d65acc-bf76-43c8-9eeb-ae4a10d4626b,2027
14,fe95d307-439a-4275-8f69-ccda042a77a1,67ada2de-171f-4cad-9cea-4589f757eeba,af8df0dc-7761-45e1-821a-7e55d57e9bd8,f91532c4-4e2d-479f-8755-eb991916c106,310
15,12b7e671-8e34-4e9b-9c47-61dc4f9dc173,27b6a2e2-724f-479e-8783-370a6ec24c0b,00bbb420-ca71-423e-8229-0c6f0c714164,e8e3b53d-baac-4663-bd98-b320bf0ba35e,183
16,a7480d13-233d-4f83-ad0a-7f2292315664,bf13d168-29fe-495d-ba92-6fce14b84acb,9501fb08-a53f-473b-af04-f8be7a3e0d35,facc30c9-d01a-4526-b601-90c91c5e89fa,564
17,5d930723-f853-49e5-bb40-dba922302446,41850946-ade5-4624-a59a-23990905290f,af8df0dc-7761-45e1-821a-7e55d57e9bd8,3b1f01b4-204c-4c8e-9d57-dab454f45e63,1741
18,35e1998f-7a12-4b66-9a20-3054316e2cab,26fb4775-cf92-4d53-813b-1f0b4d514dba,00bbb420-ca71-423e-8229-0c6f0c714164,7581c067-804c-4517-ac9d-0ba72a7333e5,681
19,1fc67073-71db-4096-896d-11381980f6e8,1db358d0-c96d-4398-83b0-2f9381967d71,8da6aff7-d3c8-4d1c-9a33-bb2b01bcc8b2,653164da-08b7-4284-9ed1-80439d1cee59,553
20,6ee7094e-0b1f-4475-8579-92422253789c,0ec9d19c-11c0-43fb-b387-7cc135437ceb,8da6aff7-d3c8-4d1c-9a33-bb2b01bcc8b2,76b127c1-c3e3-48b9-b368-6b8197e03302,497
21,74669091-b364-4fd0-8cbf-17714aacf271,76bbe213-cfb3-4080-964d-2113dde8004d,2a7ecf3d-ea1c-489e-954c-4fe3be55cbca,e8e3b53d-baac-4663-bd98-b320bf0ba35e,1284
22,f7bcf761-799a-411e-b41b-6dbbee520cf7,c02b0798-2961-413c-aec7-b1168b2deb9b,222f67ec-71fe-4d39-b246-3b9461cb66f2,c7af2cf8-a798-4363-a0c0-da2cc00ac053,271
23,9503eb97-5a88-4053-9b27-e8560abd8fb0,ca8c01e1-ceab-462f-a786-93fd1a04dbbc,222f67ec-71fe-4d39-b246-3b9461cb66f2,e341dcdb-1602-41e8-9c90-64c8f62dcd08,1077
24,a04ee7e4-cc40-4e07-94ce-d1fee2ec4759,43abae49-6fe7-4e46-8ffb-cae1b5eb5c92,92757080-d94a-4f4c-97ad-89ce5e58cc86,e2442d3e-d595-4578-8efb-5699835e0e8b,1606
25,44c87099-9a38-4315-aa83-1d5572aa65a7,c0ef6920-a455-44a3-a045-c786afc25c5d,69f1c5af-b1a5-46da-8056-70202e3e0b1f,facc30c9-d01a-4526-b601-90c91c5e89fa,1273
26,4b59f9e1-5f9d-4f21-b868-43ab3abc7077,695b09f7-28b1-43c5-bfa6-92084323404a,8da6aff7-d3c8-4d1c-9a33-bb2b01bcc8b2,06dcf0bb-45d1-4cf5-9760-09c0c655bffe,46
27,2f567852-7acf-4242-bc81-c6cd094e84d5,b1b173c4-6b17-433d-9077-72c34fcd6084,af8df0dc-7761-45e1-821a-7e55d57e9bd8,09cc234c-8167-4fe6-9c2c-473c4c25e719,638
28,16a3ea95-9e27-4377-85a7-c818dff78e11,99ee1a7a-fdb6-4f4e-82ad-a22b64758025,af8df0dc-7761-45e1-821a-7e55d57e9bd8,13e66431-e3b5-461c-9a25-bea3c20b5871,12
29,166ec3a7-6c55-406a-93ef-2be65a8b70b5,99ae6fd6-e5f8-4d69-b7ca-07e9fc0da501,5a5b6f95-b77f-478b-a1e7-0179dde8ef5d,29d63502-915d-4348-b8a2-8dfbcc615a30,328
30,fc45f7f4-4010-4e87-8e0c-66477b2cf3eb,d0e9baaa-205d-44ac-93f0-11e93777f756,00bbb420-ca71-423e-8229-0c6f0c714164,29d63502-915d-4348-b8a2-8dfbcc615a30,1133
31,2da020e6-4627-415c-90ee-d1aa23e497ee,1a0204cc-8be3-4c10-97a3-b149f9899b7f,2cba9264-16ab-415f-a0ae-b5e1db3f4918,802985bc-a614-4d2a-92e7-cc381082dbe5,1345
32,b0da5f07-ba9f-4934-8dc0-786441a6d0cd,14893c0e-1a71-4b8c-9f29-138b26da4781,00bbb420-ca71-423e-8229-0c6f0c714164,3ba15684-7f8f-4690-9de6-b7895450c99d,429
33,f429453d-bf0f-4b29-89f5-2bdf323de9b9,a965dbfc-61a8-4a33-9e74-f6aeafe835d5,2a7ecf3d-ea1c-489e-954c-4fe3be55cbca,76b127c1-c3e3-48b9-b368-6b8197e03302,1169
34,175b7eeb-30b6-4d35-8148-b27f569d8d53,516bda92-9368-48b5-a080-af661bce78b2,8da6aff7-d3c8-4d1c-9a33-bb2b01bcc8b2,06dcf0bb-45d1-4cf5-9760-09c0c655bffe,1628
35,32fd79b1-b4f8-4023-a006-9b276d6ed198,5a779eb0-c8cb-49fe-8520-384c506ddb63,222f67ec-71fe-4d39-b246-3b9461cb66f2,e3b52b66-8225-4eac-a332-3274ec6f56da,43
36,1a92a8ab-3b17-4116-8ea0-6610f7fdb624,a23594a5-68d0-44bb-a97d-4148bcdf58ad,2cba9264-16ab-415f-a0ae-b5e1db3f4918,173b06b5-0a53-4577-9c99-8de171f95ad6,2043
37,c30f4379-e3ce-4995-ab78-7b611afc4118,d7ec9c5e-ad9b-4f45-9c32-3ce85cec5465,d7539ef0-6130-44c8-81f7-4502f2c6981c,933c1958-4134-4f4e-a7c8-26ae161b9140,1544
38,40bf59b1-22e4-4c9e-a7e7-447e6ade0184,8c7eb55a-6222-432a-a984-7f6ac4304042,563b7c40-ec9d-4615-ad82-32c3c1b2ef73,f91532c4-4e2d-479f-8755-eb991916c106,333
39,d01f6237-09af-441d-9ffc-9a7afdda9722,df1c0f54-6980-4a44-bf5c-0df6110906a8,2cba9264-16ab-415f-a0ae-b5e1db3f4918,c7af2cf8-a798-4363-a0c0-da2cc00ac053,207
40,814fb806-5bd3-4928-9755-1476e2616fda,b0490bcd-ab40-44c0-a45d-355e4b2936a8,fdfbb28c-47c8-4340-9dec-f42e42c01c26,34d65acc-bf76-43c8-9eeb-ae4a10d4626b,707
41,5d43d5ac-1d7d-4198-9f45-ab941ff96638,06141837-4e95-45c9-9946-0ae2d3cecfb5,45055d6b-3f68-4642-aab8-791f83767b33,653164da-08b7-4284-9ed1-80439d1cee59,125
42,364bcdc7-63e0-493d-8f7e-5add015c4965,6621c1c1-56d5-4d94-8a5d-34ca013624ab,9501fb08-a53f-473b-af04-f8be7a3e0d35,3b32eea0-4f68-4ca6-9190-b6fc32d5fa56,732
43,bc783f26-267c-48ba-9a01-f58e62d043bd,bd085853-6d0e-4acb-8ee4-94ed65279045,5a5b6f95-b77f-478b-a1e7-0179dde8ef5d,ebc313bd-afea-4c19-b56b-917adb4dbde1,1242
44,d913c840-2da6-4d1a-9fd3-f3eb261aab36,378470c3-c5c5-4089-b0a5-827d34e028aa,fdfbb28c-47c8-4340-9dec-f42e42c01c26,a468395a-62dc-43cb-92c8-1b9004907930,744
45,c67c9a40-9de8-4f69-80fc-ec29a98d7b8b,9d0874dc-60fc-43e4-9a4f-0e58b7f2846a,c65d91ba-f4fb-4bff-adc6-f16ff8764ae1,c4a28d12-7843-4c0c-ac8c-b37d4c7404c2,1833
46,4a7c5f83-913e-4e9c-82ee-9db6d27f864e,80938a1c-d420-45c5-a51d-f33e2e713ca2,d7539ef0-6130-44c8-81f7-4502f2c6981c,29d63502-915d-4348-b8a2-8dfbcc615a30,2034
47,98b6639c-7073-4636-bc62-5be5e9333dae,04699c6d-907d-4c0f-87ea-55605c6baa5d,af8df0dc-7761-45e1-821a-7e55d57e9bd8,248abcef-72cb-4ff1-b7f2-ac72755d64b5,1224
48,4732cf53-5f00-4bb6-9a20-456a1ad1f564,c0b12160-0ce8-43a2-bbb3-39ac61a9d322,6bfdeac5-02c9-43fc-b341-b2b07aee4512,cbb8d2ac-25fe-4bf4-bfae-07e02076ff48,156
49,f5955ccc-dbfd-4e1d-96eb-eab042dd8e2d,8cf4d122-1c3f-4165-9983-d10e7f36b918,c76e89c7-9beb-4400-b5dd-300c2e398fda,fea23f09-43be-489d-8cba-429ba52946a6,352
50,704103c4-201e-49bc-88ee-aac3a6c370f8,2248a4f4-29fd-4e26-b943-148ee1420937,00bbb420-ca71-423e-8229-0c6f0c714164,1ff80a05-eda6-4207-98af-1faf4435228a,219
51,a802a547-6b69-4d07-a016-3cbdc6de16f3,d55bae4b-0b44-4b3d-be03-363a202ddb5e,2cba9264-16ab-415f-a0ae-b5e1db3f4918,d5f524f7-c99f-455a-8b86-e9e0d7783945,394
52,f0ba7d73-a43a-4125-9005-35fdd38537b8,54458cc0-c822-4e34-b926-2ca25525f9cf,2cba9264-16ab-415f-a0ae-b5e1db3f4918,939faa60-7e0d-49c7-98a8-455eada9afe8,2149
53,1dfca6cb-f035-4582-b927-5ee73defa41d,e2d9ec72-08d2-47a6-b4f5-9eeb2806ba8a,af8df0dc-7761-45e1-821a-7e55d57e9bd8,df6fbb45-39e4-4e2a-addd-26ca4328ec03,1762
54,fcd61f38-e998-481c-b64f-0813baeba4c5,53c10181-bcc0-40f8-af81-9770e9c917e7,af8df0dc-7761-45e1-821a-7e55d57e9bd8,df6fbb45-39e4-4e2a-addd-26ca4328ec03,669
55,7bc69b90-513c-490b-bd27-7832e66a098c,204e1e43-f1ac-4c17-aa6d-54ac00159b37,00bbb420-ca71-423e-8229-0c6f0c714164,41951238-1d0a-4d7c-a4ca-c06d3f192cde,1535
56,b1b90aa5-e7cc-479f-bbb3-d44965bdc308,98ae1981-1d1c-4a74-8d50-965cfe80a88f,2cba9264-16ab-415f-a0ae-b5e1db3f4918,802985bc-a614-4d2a-92e7-cc381082dbe5,95
57,b42d875a-1fd2-4e95-b600-ec95f97282e2,8c08251e-ac6f-4894-94ef-fa484085d0ce,2a7ecf3d-ea1c-489e-954c-4fe3be55cbca,4b61038a-5362-4e06-a980-96b3813f02cf,745
58,bf4952b7-c732-4d58-869a-a34f032b5fe5,ee3f566e-be0d-4686-9890-7daf860c2678,45055d6b-3f68-4642-aab8-791f83767b33,653164da-08b7-4284-9ed1-80439d1cee59,1188
59,650a2f45-ecd3-49c8-9148-8cc3683bfc2a,7f44b12b-d71e-4087-b018-15c0408a6f74,92757080-d94a-4f4c-97ad-89ce5e58cc86,13e66431-e3b5-461c-9a25-bea3c20b5871,1348
60,a0f59f0e-da28-4ab1-881b-abe8b8353888,b40667ee-d7f5-4c61-9504-9fa95c6cedeb,d7539ef0-6130-44c8-81f7-4502f2c6981c,653164da-08b7-4284-9ed1-80439d1cee59,1296
61,efd0147e-409c-4a2e-b5ff-ced6d2da6a22,9d0874dc-60fc-43e4-9a4f-0e58b7f2846a,c65d91ba-f4fb-4bff-adc6-f16ff8764ae1,e5723683-42b6-4078-b06a-02559c2e5ad4,514
62,02c95a2c-6dbb-4c2d-9bb1-3fba6853a802,62d109a6-3b86-4812-9771-159b192b2d0e,00bbb420-ca71-423e-8229-0c6f0c714164,d06eca5c-48be-4d58-9222-97452366955b,251
63,73247178-9fda-4d53-bfcf-37e0a91edd18,b01b0fe8-741c-4786-9092-5a8a7746cf93,92757080-d94a-4f4c-97ad-89ce5e58cc86,fb3c5cb8-043f-4e4c-a923-51323b81e475,501
64,fb419bae-fc94-4b95-aafd-e1cf88d3c574,d55bae4b-0b44-4b3d-be03-363a202ddb5e,2cba9264-16ab-415f-a0ae-b5e1db3f4918,3546a25f-87db-4d44-9d68-9106c26e25df,998
65,69fb7761-0620-4a4d-b5ff-ab510e8613cb,99ee1a7a-fdb6-4f4e-82ad-a22b64758025,af8df0dc-7761-45e1-821a-7e55d57e9bd8,3b1f01b4-204c-4c8e-9d57-dab454f45e63,1531
66,13048c01-cc84-4fd0-bb5b-65b7cdd52540,b1dba456-83c5-4065-9b3a-7058d4121417,6bfdeac5-02c9-43fc-b341-b2b07aee4512,3b32eea0-4f68-4ca6-9190-b6fc32d5fa56,339
67,4cfaa273-35db-4c82-8379-6ee1d042cf0c,1ce45dd5-b8d9-4ac8-b14a-06da11c6d113,d4ce9122-24cb-4001-b14a-a4c9650b3c31,653164da-08b7-4284-9ed1-80439d1cee59,208
68,87f8cab8-cd19-44fe-9a2c-2b84801a49da,9b057606-48ff-47e2-9256-247ae7d93374,c65d91ba-f4fb-4bff-adc6-f16ff8764ae1,c4a28d12-7843-4c0c-ac8c-b37d4c7404c2,1825
69,66264d93-37fe-45e7-8d3c-d3894506e330,0bd356db-5e5a-452f-a58d-3f15c3d3d622,00bbb420-ca71-423e-8229-0c6f0c714164,891f2a6e-45e9-4e63-9180-4e6ea8742825,106
70,79811de3-874c-4383-93bb-0cf00f8cbe30,5a928a23-f4a3-46b7-903b-13ee2900b349,d7539ef0-6130-44c8-81f7-4502f2c6981c,8587a450-9971-407b-a305-3f83848a6318,661
71,93f5fcb4-8694-4f72-a56b-87e41da6004d,634124f8-221b-4681-a5a2-767b4098268c,00bbb420-ca71-423e-8229-0c6f0c714164,9a6e05f1-c615-4469-9523-9da9a8cbe16a,1491
72,cd97001e-2c06-47ed-81ae-ed2105c31820,5eaf980e-9184-4ea4-9247-f15a845b80f8,2a7ecf3d-ea1c-489e-954c-4fe3be55cbca,ebc313bd-afea-4c19-b56b-917adb4dbde1,1423
73,f3736e53-fda6-47e8-ada9-eca54ee4418c,48116d1f-b5c3-4c09-b4fc-27c8ba5bbfc1,6bfdeac5-02c9-43fc-b341-b2b07aee4512,939faa60-7e0d-49c7-98a8-455eada9afe8,863
74,9787522b-37f1-4c43-8e91-aa125c52effd,8ac98875-83a0-4558-92cc-544ff9024a4e,92757080-d94a-4f4c-97ad-89ce5e58cc86,41951238-1d0a-4d7c-a4ca-c06d3f192cde,1098
75,afc61549-8658-4adf-8868-70edb771cca5,51aeda95-cd2b-49cb-9181-18fb6d5c096c,563b7c40-ec9d-4615-ad82-32c3c1b2ef73,e9a45d39-b36e-40db-8a83-e538a1edda95,183
76,84bc3be4-5f32-4585-b47d-7b12e10e8048,5f1dae45-86f2-4237-a695-5a329401ca5a,8da6aff7-d3c8-4d1c-9a33-bb2b01bcc8b2,e79a1b76-d63d-45c5-8959-0fbb6f1407ce,1612
77,bbd4e300-04d4-481e-8181-d52434debabc,096075d2-2be7-49cf-acac-0baa27fb17c2,2a7ecf3d-ea1c-489e-954c-4fe3be55cbca,e8e3b53d-baac-4663-bd98-b320bf0ba35e,1642
78,60848ef3-fdca-4983-a48e-8e5c634fcc35,ca326e76-b57b-45ef-8207-89d5410ac385,af8df0dc-7761-45e1-821a-7e55d57e9bd8,653164da-08b7-4284-9ed1-80439d1cee59,743
79,e500fd59-24a7-48b5-a5b8-43d9b7a19e8c,4720eaba-ae15-4d29-9249-d45b57aa6757,d7539ef0-6130-44c8-81f7-4502f2c6981c,8587a450-9971-407b-a305-3f83848a6318,572
80,49e227d8-2936-4eb4-80fc-85864aff22a2,ce989415-d5f0-4a6d-b260-2b0d18d141f3,fdfbb28c-47c8-4340-9dec-f42e42c01c26,76b127c1-c3e3-48b9-b368-6b8197e03302,1827
81,81202fc4-b02f-4003-92c1-b90ee5b5dfa0,302ceb01-c814-48db-91b3-332305dd63e6,2a7ecf3d-ea1c-489e-954c-4fe3be55cbca,41951238-1d0a-4d7c-a4ca-c06d3f192cde,2180
82,ec986dc9-ef89-40e9-bf1e-4d1d401bf99c,379d3210-ddde-4c91-b889-003117157f7e,222f67ec-71fe-4d39-b246-3b9461cb66f2,fefa662c-d8ee-43af-a266-5548f58c09a1,600
83,27bfa135-cf44-4d95-9c5d-f287079bd61b,3bfaf206-d9c6-4a08-bcdc-6f54d6634050,1224be2f-a7a8-41f6-ae71-c2e4fde0cf94,891f2a6e-45e9-4e63-9180-4e6ea8742825,1348
84,783a9fd7-7235-4ca9-bf6e-e4d0f8209133,69dc524f-fc65-4a36-8634-5909cd3e287b,563b7c40-ec9d-4615-ad82-32c3c1b2ef73,7581c067-804c-4517-ac9d-0ba72a7333e5,1042
85,f08bfe00-696b-4648-b145-6f550b05023d,7484941f-ef97-4100-9b5d-617845da8a34,45055d6b-3f68-4642-aab8-791f83767b33,c7af2cf8-a798-4363-a0c0-da2cc00ac053,2113
86,1ad330a2-7d46-431a-81ab-3cb555951770,db6453b9-1a85-41b8-b66d-c5126a94aca7,c76e89c7-9beb-4400-b5dd-300c2e398fda,41951238-1d0a-4d7c-a4ca-c06d3f192cde,514
87,5822ece9-b445-46a5-aa4e-3f5793c49357,87596a0a-451a-45cf-b93f-72ee9659fc29,9501fb08-a53f-473b-af04-f8be7a3e0d35,3546a25f-87db-4d44-9d68-9106c26e25df,1756
88,80cc58ab-b829-4e04-8106-91524441da8d,bd085853-6d0e-4acb-8ee4-94ed65279045,5a5b6f95-b77f-478b-a1e7-0179dde8ef5d,06dcf0bb-45d1-4cf5-9760-09c0c655bffe,29
89,a12fbe5c-c1ce-4bbf-8168-b2cb2e7f7537,d4b80589-381b-49a7-a4f7-3bfc6dd4b263,2a7ecf3d-ea1c-489e-954c-4fe3be55cbca,933c1958-4134-4f4e-a7c8-26ae161b9140,1531
90,0ebc30e8-ab3a-49f6-93aa-b4d11d1612e6,8bc44858-d9b0-4738-ab84-5c6652a1c0b6,c65d91ba-f4fb-4bff-adc6-f16ff8764ae1,41951238-1d0a-4d7c-a4ca-c06d3f192cde,277
91,5f2b7b48-315f-4647-9f96-478f10c75f11,faab45d3-fe81-453c-9b58-d88c5c10fed4,9501fb08-a53f-473b-af04-f8be7a3e0d35,06dcf0bb-45d1-4cf5-9760-09c0c655bffe,634
92,bc6f6b17-be45-4ede-a83b-1b59925e67ad,43abae49-6fe7-4e46-8ffb-cae1b5eb5c92,92757080-d94a-4f4c-97ad-89ce5e58cc86,34d65acc-bf76-43c8-9eeb-ae4a10d4626b,22
93,741eccbd-bd5e-4f5c-9a48-8bfa506dd2da,e48b8ea9-e138-4701-bd32-e6199dd9c606,d4ce9122-24cb-4001-b14a-a4c9650b3c31,7581c067-804c-4517-ac9d-0ba72a7333e5,145
94,f69fb9a3-2dd8-4232-b0c0-3d2a821658d6,a9e3fa47-ff4e-45ee-b84c-3dbd7604cebd,d4ce9122-24cb-4001-b14a-a4c9650b3c31,9a6e05f1-c615-4469-9523-9da9a8cbe16a,952
95,18654fc4-519e-4565-8d15-b579c5e5d6bc,548a9e03-309e-48ed-9905-9d07bf97caf7,2cba9264-16ab-415f-a0ae-b5e1db3f4918,9a6e05f1-c615-4469-9523-9da9a8cbe16a,1101
96,ca6599f4-f447-4be7-9abf-783d56b0cec7,a2aee0bb-8060-445e-be8b-ea8e425d1c23,d4ce9122-24cb-4001-b14a-a4c9650b3c31,1ff80a05-eda6-4207-98af-1faf4435228a,604
97,440ede63-6c55-4835-a2ba-00f5a8406019,4e318ce2-af0c-44dc-8e06-2d44d6858717,1224be2f-a7a8-41f6-ae71-c2e4fde0cf94,3ed8de56-e3a8-4bb2-b751-52a1c008b89b,539
98,a4c8bd29-8bdd-40c3-a0dc-e4f455803263,44d869ab-4089-4a0a-bdb6-3746497dacdf,00bbb420-ca71-423e-8229-0c6f0c714164,d06eca5c-48be-4d58-9222-97452366955b,1513
99,9ebd134a-6d25-4fe9-bdab-45769e1d67c9,6db4612c-d8be-48a9-8bf6-a0e4c014ca87,8da6aff7-d3c8-4d1c-9a33-bb2b01bcc8b2,d06eca5c-48be-4d58-9222-97452366955b,1403
100,56d80cd4-2fdb-4393-94db-546a123c61c1,93c57eb3-a81a-42a9-a695-922882d73277,8da6aff7-d3c8-4d1c-9a33-bb2b01bcc8b2,e8e3b53d-baac-4663-bd98-b320bf0ba35e,677
101,da0f4c3d-a140-4af5-9091-161bfac931c3,cc59fe63-375c-48f4-a604-2e09818b3153,d4ce9122-24cb-4001-b14a-a4c9650b3c31,e3b52b66-8225-4eac-a332-3274ec6f56da,1944
102,11b0e231-e85e-4ef2-8130-82782b85aba5,6c8ec792-2a8e-475f-953a-5e0673bebe51,d4ce9122-24cb-4001-b14a-a4c9650b3c31,173b06b5-0a53-4577-9c99-8de171f95ad6,1469
103,bad25882-2f93-4777-9fed-e260f0ef4f18,74dc9391-a7ac-43bd-ae6e-40db65482c30,8da6aff7-d3c8-4d1c-9a33-bb2b01bcc8b2,fb3c5cb8-043f-4e4c-a923-51323b81e475,1194
104,7717e395-def3-446f-9a1f-e99130fe0dd6,239cd96e-7bbf-4dde-aecf-3c7caec198eb,6bfdeac5-02c9-43fc-b341-b2b07aee4512,3b32eea0-4f68-4ca6-9190-b6fc32d5fa56,62
105,a01dd7a6-c11e-4ab0-a51c-4ab384319fa3,a9d46e06-837c-49e7-a1bc-96523bd3c55a,d7539ef0-6130-44c8-81f7-4502f2c6981c,c7af2cf8-a798-4363-a0c0-da2cc00ac053,394
106,90aa0bac-08dc-4b51-b144-8cecbbe93d9d,ad1e616a-882b-40fd-932f-1f4e8e6c1fa6,fdfbb28c-47c8-4340-9dec-f42e42c01c26,fefa662c-d8ee-43af-a266-5548f58c09a1,1081
107,925a7ac7-c946-4a5b-9750-bb17a5dae639,99ee1a7a-fdb6-4f4e-82ad-a22b64758025,af8df0dc-7761-45e1-821a-7e55d57e9bd8,0a63f2fe-13bf-4844-bcbb-5096cc253b65,284
108,2cb74284-d0e6-4436-91ed-2f5420ab4fc5,aebb23c2-113e-48e1-812d-36e622aaddc9,222f67ec-71fe-4d39-b246-3b9461cb66f2,fea23f09-43be-489d-8cba-429ba52946a6,1314
109,8a079b7c-24db-49a5-b1e1-b3fb079656b2,1d7d496d-2850-4568-8030-2a8c73380528,8da6aff7-d3c8-4d1c-9a33-bb2b01bcc8b2,34d65acc-bf76-43c8-9eeb-ae4a10d4626b,1794
110,20d0fbb7-f2f4-446a-a193-cf8205d24467,4b030b5d-ecba-4971-9804-d68e8b8f1623,c65d91ba-f4fb-4bff-adc6-f16ff8764ae1,e9a45d39-b36e-40db-8a83-e538a1edda95,2232
111,6a46d7d1-3c9e-45f4-8cb2-11f69b030f77,31d0f488-e9cd-466a-9163-52ad47e587ba,5a5b6f95-b77f-478b-a1e7-0179dde8ef5d,0c2befa0-ea8e-4cfb-bfdf-8edfb098a174,1536
112,59536ee3-b1ef-46e8-a96c-d326284f634f,1b425cc1-5251-43de-ac00-7fd29e2ca839,d7539ef0-6130-44c8-81f7-4502f2c6981c,ebc313bd-afea-4c19-b56b-917adb4dbde1,506
113,19861b57-72a0-4845-841a-e036cae1ef73,d3647072-bd7f-406b-93c1-6c59f94b3c1a,69f1c5af-b1a5-46da-8056-70202e3e0b1f,ebc313bd-afea-4c19-b56b-917adb4dbde1,838
114,ab26cad6-5c7d-4d99-af65-70a30b32f12c,b7563d9f-1f01-48bd-ab6b-aaa57995b5e7,d4ce9122-24cb-4001-b14a-a4c9650b3c31,173b06b5-0a53-4577-9c99-8de171f95ad6,834
115,8a67c463-3e72-4236-b56e-7b82e1df3123,15cd7396-b140-49b3-b5ef-efca498ff777,ca4e06e6-efb4-4c03-9207-996e88efbabb,e9a45d39-b36e-40db-8a83-e538a1edda95,520
116,df4bc79a-49cc-4438-b7d3-3dd5b81c9506,516ee702-5b31-479b-9631-716d3c226347,c76e89c7-9beb-4400-b5dd-300c2e398fda,09cc234c-8167-4fe6-9c2c-473c4c25e719,471
117,ed2d8d5f-ed3f-4de6-b578-c166767c2079,c737b130-c7ff-42b5-bbb6-b79014407ea9,8da6aff7-d3c8-4d1c-9a33-bb2b01bcc8b2,0e4c1881-3d9a-4be3-8c8b-235f54dfcc28,410
118,7c08d8ab-1116-43f0-a667-93921a3d6c88,d31a653e-3125-4008-9382-09d94d6e9c64,c65d91ba-f4fb-4bff-adc6-f16ff8764ae1,ebc313bd-afea-4c19-b56b-917adb4dbde1,1211
119,ce65dfd5-3523-4a5f-8408-67be95a8dbd2,db15814f-dec4-4e2b-89db-d766d97dab91,6bfdeac5-02c9-43fc-b341-b2b07aee4512,fefa662c-d8ee-43af-a266-5548f58c09a1,250
120,243df242-faa1-4eeb-81fc-afaa27bcdc5b,6d99ae9f-35bd-4f5b-ab83-3feb24c21fd4,af8df0dc-7761-45e1-821a-7e55d57e9bd8,9a6e05f1-c615-4469-9523-9da9a8cbe16a,125
121,90cb1987-dcc2-44dc-9fae-76d228d3bf9f,d8db4044-b775-4b20-9446-4db181fe9baf,222f67ec-71fe-4d39-b246-3b9461cb66f2,41951238-1d0a-4d7c-a4ca-c06d3f192cde,88
122,bf373996-749c-4caa-8532-a618e311ebf9,7f12e459-1de8-49aa-b93e-7f198098d4d5,69f1c5af-b1a5-46da-8056-70202e3e0b1f,e2442d3e-d595-4578-8efb-5699835e0e8b,73
123,f509b62a-c160-4b72-9f61-f6ce94809165,b47d23e9-a303-40ee-91b7-8a305d2fa77a,222f67ec-71fe-4d39-b246-3b9461cb66f2,e3b52b66-8225-4eac-a332-3274ec6f56da,10
124,a059b149-b3ab-4469-b8a1-908f18d05b4d,15cd7396-b140-49b3-b5ef-efca498ff777,ca4e06e6-efb4-4c03-9207-996e88efbabb,d5f524f7-c99f-455a-8b86-e9e0d7783945,925
125,87222bb8-a10f-4cfa-bbce-11bcdac3bb2e,302ceb01-c814-48db-91b3-332305dd63e6,2a7ecf3d-ea1c-489e-954c-4fe3be55cbca,f91532c4-4e2d-479f-8755-eb991916c106,1926
126,9c24c3b1-09e6-4452-971f-e67274b473c8,b7563d9f-1f01-48bd-ab6b-aaa57995b5e7,d4ce9122-24cb-4001-b14a-a4c9650b3c31,891f2a6e-45e9-4e63-9180-4e6ea8742825,1449
127,6f584b40-7818-4035-b800-e3925a029b5e,41850946-ade5-4624-a59a-23990905290f,af8df0dc-7761-45e1-821a-7e55d57e9bd8,13e66431-e3b5-461c-9a25-bea3c20b5871,1587
128,9445d52e-2ff5-45e1-a32d-f0ce99074226,137e8d6f-16f3-4418-8321-211050d9c4a5,69f1c5af-b1a5-46da-8056-70202e3e0b1f,3546a25f-87db-4d44-9d68-9106c26e25df,492
129,67688bba-5925-4f25-a0ef-7267d6145e8c,fcb83697-b818-4f93-9584-11f92cf41830,d7539ef0-6130-44c8-81f7-4502f2c6981c,3b32eea0-4f68-4ca6-9190-b6fc32d5fa56,1749
130,a2776a9f-9b8d-4dd7-8ec8-5461e39c1821,4d0bcc65-82ba-4c6f-890c-e3ea7873d2ed,c65d91ba-f4fb-4bff-adc6-f16ff8764ae1,1b54f2ce-e3da-4b89-92d9-9b9ae3853f21,1659
131,9dfcee1b-4a12-48c4-82df-3e4386f8c580,8bba4c1d-7686-4d68-8b45-8663fb558cb1,2cba9264-16ab-415f-a0ae-b5e1db3f4918,d06eca5c-48be-4d58-9222-97452366955b,1258
132,ff05bd4b-f712-4923-af04-abdedcec8a6c,5a779eb0-c8cb-49fe-8520-384c506ddb63,222f67ec-71fe-4d39-b246-3b9461cb66f2,e341dcdb-1602-41e8-9c90-64c8f62dcd08,861
133,beda84c4-96f9-4280-b5eb-356f56aad512,21a1a57f-278d-4314-8264-4a88d95e45e4,d7539ef0-6130-44c8-81f7-4502f2c6981c,34d65acc-bf76-43c8-9eeb-ae4a10d4626b,568
134,9fb51404-e8e0-4562-9987-b95a79b95730,5922532d-d10c-42c3-b8af-58b893ad07a6,af8df0dc-7761-45e1-821a-7e55d57e9bd8,e8e3b53d-baac-4663-bd98-b320bf0ba35e,1410
135,2a16d8b9-108a-435e-943d-7f83841f592e,9b758c22-ccd0-4bf5-915b-1ba73dc39128,45055d6b-3f68-4642-aab8-791f83767b33,e79a1b76-d63d-45c5-8959-0fbb6f1407ce,1277
136,1a540efc-4a16-4a2c-9f16-4760d85b7686,cd54c045-365d-441c-8227-e6751eaecd4d,8da6aff7-d3c8-4d1c-9a33-bb2b01bcc8b2,c7af2cf8-a798-4363-a0c0-da2cc00ac053,1387
137,cb974ced-ddae-45af-8718-2bc077a97754,43abae49-6fe7-4e46-8ffb-cae1b5eb5c92,92757080-d94a-4f4c-97ad-89ce5e58cc86,e9a45d39-b36e-40db-8a83-e538a1edda95,880
138,d6972c37-7d65-42fa-9d52-ad5e6eb37711,fe3b6b4f-9ab8-4166-b953-c3e16763aa4c,222f67ec-71fe-4d39-b246-3b9461cb66f2,3b32eea0-4f68-4ca6-9190-b6fc32d5fa56,1218
139,d493dd7c-4d24-404b-9d27-13c15fe6244d,9cf412b2-d119-43c7-9e5a-2da5db4beb5d,69f1c5af-b1a5-46da-8056-70202e3e0b1f,41951238-1d0a-4d7c-a4ca-c06d3f192cde,1562
140,c9c80505-a533-477b-b655-4b42c068da4b,0699cba0-e69d-483c-b853-ec80f27fa190,563b7c40-ec9d-4615-ad82-32c3c1b2ef73,6f6660fb-963d-4593-b242-d39c1c80e59c,609
141,16dba2f9-305d-4606-bdbb-5c974e264f8d,54f41d8a-1fb6-4332-978d-c5bb8aeb76a9,8da6aff7-d3c8-4d1c-9a33-bb2b01bcc8b2,3b1f01b4-204c-4c8e-9d57-dab454f45e63,785
142,5dc12d3e-4832-4f22-b44f-e5c7dd2e6468,1d92ad5e-ef05-4167-b80e-3cfd9566f087,d4ce9122-24cb-4001-b14a-a4c9650b3c31,9a6e05f1-c615-4469-9523-9da9a8cbe16a,1238
143,935ce818-c31d-4495-af88-1cb3c05fb3ba,1ce45dd5-b8d9-4ac8-b14a-06da11c6d113,d4ce9122-24cb-4001-b14a-a4c9650b3c31,8587a450-9971-407b-a305-3f83848a6318,275
144,06d61d54-2668-4e92-8f11-50e152cb2c89,4d4795f3-2211-4e63-8017-80e26ca7f09f,ca4e06e6-efb4-4c03-9207-996e88efbabb,e3b52b66-8225-4eac-a332-3274ec6f56da,1223
145,16c3cd33-2524-45e7-aee3-60ec1baff846,db6453b9-1a85-41b8-b66d-c5126a94aca7,c76e89c7-9beb-4400-b5dd-300c2e398fda,e9a45d39-b36e-40db-8a83-e538a1edda95,809
146,62805d80-22de-4711-960e-3f4c1c9e4f6d,db6453b9-1a85-41b8-b66d-c5126a94aca7,c76e89c7-9beb-4400-b5dd-300c2e398fda,e3b52b66-8225-4eac-a332-3274ec6f56da,1240
147,0ccbdd53-8253-4735-9bbd-e8c7640fe02b,b6aa2379-66c2-4b94-bddb-c6917be9a0a9,45055d6b-3f68-4642-aab8-791f83767b33,34d65acc-bf76-43c8-9eeb-ae4a10d4626b,511
148,d243f985-6802-467c-be9f-3977d546cb1f,30b7efe9-c849-4c9f-bb22-90cf2ea9fb03,5a5b6f95-b77f-478b-a1e7-0179dde8ef5d,ebc313bd-afea-4c19-b56b-917adb4dbde1,304
149,0b702992-5a6c-4bfc-8032-61d47e58ceaa,050ce582-7e54-403c-a1d2-8fbf0333b279,9501fb08-a53f-473b-af04-f8be7a3e0d35,06dcf0bb-45d1-4cf5-9760-09c0c655bffe,677
150,4f61140a-bc34-4f14-8623-1ba59d61c0ce,0184a079-bb1a-42a2-a9db-5dcf30403053,c65d91ba-f4fb-4bff-adc6-f16ff8764ae1,a468395a-62dc-43cb-92c8-1b9004907930,923
151,25baf59d-b367-47e3-b3d4-a462a7682868,fee7afd7-8ecb-4073-ab31-f8bd7408ee58,c76e89c7-9beb-4400-b5dd-300c2e398fda,e3b52b66-8225-4eac-a332-3274ec6f56da,950
152,27cf3592-f032-4365-bce8-397ed79c6d45,9b057606-48ff-47e2-9256-247ae7d93374,c65d91ba-f4fb-4bff-adc6-f16ff8764ae1,d5f524f7-c99f-455a-8b86-e9e0d7783945,1047
153,24f5e5e3-c646-4d29-ab8c-70493b68e2cd,30beaf4e-bd4d-4c2e-a73c-03b27f202cdd,6bfdeac5-02c9-43fc-b341-b2b07aee4512,e2442d3e-d595-4578-8efb-5699835e0e8b,130
154,081ec9f2-f770-4ec5-9036-342696cab7c1,ae866c22-8781-41e8-8178-d84a6e45e6d0,d7539ef0-6130-44c8-81f7-4502f2c6981c,d06eca5c-48be-4d58-9222-97452366955b,535
155,d3f2fb5f-0d13-49ea-9c81-f7186c5df233,5f1dae45-86f2-4237-a695-5a329401ca5a,8da6aff7-d3c8-4d1c-9a33-bb2b01bcc8b2,3b1f01b4-204c-4c8e-9d57-dab454f45e63,1208
156,089483b2-df41-487a-a2b7-8ad3a3bfb071,0f15c547-e9a4-41d3-a8a4-ade0fa8db5e8,6bfdeac5-02c9-43fc-b341-b2b07aee4512,76b127c1-c3e3-48b9-b368-6b8197e03302,935
157,2ab20c67-8d80-4405-8f84-35a79a12cec5,edf1c58b-9954-4ad5-8adf-238121df243b,fdfbb28c-47c8-4340-9dec-f42e42c01c26,3ed8de56-e3a8-4bb2-b751-52a1c008b89b,318
158,19dfee32-9f1e-46ba-8f8b-a784f077f451,71067c06-3448-4f48-b7b8-2dfd4cd91793,fdfbb28c-47c8-4340-9dec-f42e42c01c26,34d65acc-bf76-43c8-9eeb-ae4a10d4626b,183
159,2cb64fc7-8356-4a40-8896-f2860fe985ad,06141837-4e95-45c9-9946-0ae2d3cecfb5,45055d6b-3f68-4642-aab8-791f83767b33,c4a28d12-7843-4c0c-ac8c-b37d4c7404c2,334
160,61bf8fba-0a28-4e5a-a0c2-3783ca9046fd,ad1e616a-882b-40fd-932f-1f4e8e6c1fa6,fdfbb28c-47c8-4340-9dec-f42e42c01c26,248abcef-72cb-4ff1-b7f2-ac72755d64b5,610
161,8abdf50a-0c9c-4582-97f0-8fbf80609c59,99ae6fd6-e5f8-4d69-b7ca-07e9fc0da501,5a5b6f95-b77f-478b-a1e7-0179dde8ef5d,4b61038a-5362-4e06-a980-96b3813f02cf,1371
162,b2851ee9-9afa-4293-bd24-79b3db7061db,050ce582-7e54-403c-a1d2-8fbf0333b279,9501fb08-a53f-473b-af04-f8be7a3e0d35,13e66431-e3b5-461c-9a25-bea3c20b5871,1144
163,b1e9e19c-d6d6-48df-9ec7-a83918d9eb19,075ec3ee-0b20-420c-a00a-6d914bcc3781,af8df0dc-7761-45e1-821a-7e55d57e9bd8,7581c067-804c-4517-ac9d-0ba72a7333e5,1435
164,ac8cb8e1-7395-41e0-ba80-112b355ab01a,f1861da9-f5c8-4adb-903e-f154bbbff311,d4ce9122-24cb-4001-b14a-a4c9650b3c31,13e66431-e3b5-461c-9a25-bea3c20b5871,1637
165,729690bc-f962-436e-b604-293eb1c416b5,2553943d-a8f2-45d7-9cb3-59621162a5f1,fdfbb28c-47c8-4340-9dec-f42e42c01c26,3546a25f-87db-4d44-9d68-9106c26e25df,1666
166,5f2bdf0d-9fbd-4196-8018-8e1a2ad6971a,b01b0fe8-741c-4786-9092-5a8a7746cf93,92757080-d94a-4f4c-97ad-89ce5e58cc86,41951238-1d0a-4d7c-a4ca-c06d3f192cde,178
167,e0d8bf7d-502f-404f-9058-77fadb0b7f34,92d10aa8-4da6-4f7b-92ec-5716f8a7b20c,c65d91ba-f4fb-4bff-adc6-f16ff8764ae1,933c1958-4134-4f4e-a7c8-26ae161b9140,721
168,aef85d3f-348a-4312-8999-5040055e147f,021b419d-5354-4045-9350-4170b3a93a82,8da6aff7-d3c8-4d1c-9a33-bb2b01bcc8b2,09cc234c-8167-4fe6-9c2c-473c4c25e719,1600
169,cd1396d6-ed2f-462e-b4a3-27cab17a96c6,03732768-9f98-4995-bf3d-106069921874,9501fb08-a53f-473b-af04-f8be7a3e0d35,76b127c1-c3e3-48b9-b368-6b8197e03302,1299
170,80c47b16-e73e-46b1-b762-ee4cc3aaf726,d98d7ea6-e555-4588-a8bf-d3958876cba0,af8df0dc-7761-45e1-821a-7e55d57e9bd8,4b61038a-5362-4e06-a980-96b3813f02cf,1619
171,a57fd568-d2b2-4aa6-9958-f943711e075a,9cf412b2-d119-43c7-9e5a-2da5db4beb5d,69f1c5af-b1a5-46da-8056-70202e3e0b1f,173b06b5-0a53-4577-9c99-8de171f95ad6,814
172,c63c7fad-9563-465f-a9f0-3d8290a4d802,b609a78b-37b5-49cb-b1d5-43918353bb72,d4ce9122-24cb-4001-b14a-a4c9650b3c31,3b32eea0-4f68-4ca6-9190-b6fc32d5fa56,727
173,edfa762f-c99d-4414-8b3c-99dba73c3eef,b9ca4e7d-5bcb-48fb-b536-d3a4c9e0de91,00bbb420-ca71-423e-8229-0c6f0c714164,666bee46-686a-455b-8d38-f8908f62a3aa,1584
174,32b7c99a-bdd0-4bc6-9776-86a2309565cf,0f468e15-a24c-4ac3-b02d-84d2c1d6448e,d7539ef0-6130-44c8-81f7-4502f2c6981c,0c2befa0-ea8e-4cfb-bfdf-8edfb098a174,1769
175,04f0cd00-d9f9-4c05-a547-4277050bcfab,8424bd4c-0720-4447-b18a-408451253bfe,2cba9264-16ab-415f-a0ae-b5e1db3f4918,891f2a6e-45e9-4e63-9180-4e6ea8742825,200
176,6ceed708-bf86-4f7b-a98a-634c3e968482,a5ff65b2-5586-49d3-b289-2c98466a9831,c76e89c7-9beb-4400-b5dd-300c2e398fda,d06eca5c-48be-4d58-9222-97452366955b,1476
177,cb2c6248-3397-46ac-844a-281cf3534007,6f3c270a-5086-4ef1-bf50-4a03b7d314f5,69f1c5af-b1a5-46da-8056-70202e3e0b1f,d5f524f7-c99f-455a-8b86-e9e0d7783945,905
178,723c673a-476c-4b49-842a-1d7c2a1c8552,7f6c60ec-5e1b-442c-b8ab-523370c5a2a1,69f1c5af-b1a5-46da-8056-70202e3e0b1f,fea23f09-43be-489d-8cba-429ba52946a6,611
179,d8588601-3d2b-442e-99ef-d7dc2f85eb33,0800cbd8-e96f-45d5-9493-958583b16126,d7539ef0-6130-44c8-81f7-4502f2c6981c,6f6660fb-963d-4593-b242-d39c1c80e59c,204
180,d91a6c60-2a65-4013-af37-3f29a2dea25e,1987aaf4-ec68-48f2-ad5d-25486c9c02ff,9501fb08-a53f-473b-af04-f8be7a3e0d35,0c2befa0-ea8e-4cfb-bfdf-8edfb098a174,682
181,63e82090-e158-4745-b926-e646be834975,8f380eaf-365c-4309-afe8-5650aeac591c,222f67ec-71fe-4d39-b246-3b9461cb66f2,7581c067-804c-4517-ac9d-0ba72a7333e5,177
182,89e47e14-4411-49b8-bf73-c1843b4dfa42,5e76a108-872f-4ef2-9ad5-3409febbc584,92757080-d94a-4f4c-97ad-89ce5e58cc86,4b61038a-5362-4e06-a980-96b3813f02cf,729
183,223ddc2b-369d-4a2e-a7e8-680f830ed44f,00a8a311-8a5d-4187-99ba-dadf758de694,d4ce9122-24cb-4001-b14a-a4c9650b3c31,0c2befa0-ea8e-4cfb-bfdf-8edfb098a174,545
184,a827c144-baa9-45b9-b14f-e7c2775c343a,4f9fa30d-f639-4317-a423-a79c94d8ce16,c65d91ba-f4fb-4bff-adc6-f16ff8764ae1,cbb8d2ac-25fe-4bf4-bfae-07e02076ff48,1622
185,ed36ee93-d586-484e-b023-0dbeb79a7a1d,0699cba0-e69d-483c-b853-ec80f27fa190,563b7c40-ec9d-4615-ad82-32c3c1b2ef73,3b32eea0-4f68-4ca6-9190-b6fc32d5fa56,1552
186,b1571a2d-0db7-4f7f-8ddb-a87a1add5f49,ae866c22-8781-41e8-8178-d84a6e45e6d0,d7539ef0-6130-44c8-81f7-4502f2c6981c,4b61038a-5362-4e06-a980-96b3813f02cf,215
187,6173e6ee-ee56-47fe-9882-18bc9a40fba3,96047215-669a-4ad3-b2fa-cf6e70086a06,69f1c5af-b1a5-46da-8056-70202e3e0b1f,7581c067-804c-4517-ac9d-0ba72a7333e5,615
188,e831406b-a681-433d-8cd3-3a1e3e6b91ed,fee7afd7-8ecb-4073-ab31-f8bd7408ee58,c76e89c7-9beb-4400-b5dd-300c2e398fda,34d65acc-bf76-43c8-9eeb-ae4a10d4626b,1239
189,86ec2f0a-5dd7-432c-a015-38a9023a4252,d28cadcc-3afe-4d05-a2a0-4de05c81b17f,fdfbb28c-47c8-4340-9dec-f42e42c01c26,ebc313bd-afea-4c19-b56b-917adb4dbde1,1264
190,e5db2d8d-42fc-4175-803b-b2b43409300c,06f16caf-478b-4c90-8c08-9fb8ef560c04,af8df0dc-7761-45e1-821a-7e55d57e9bd8,248abcef-72cb-4ff1-b7f2-ac72755d64b5,773
191,3d540c9d-bba3-4eea-928f-bc5a9c5a7ab9,4549209e-8363-444a-bc8c-839dfd61e650,6bfdeac5-02c9-43fc-b341-b2b07aee4512,3b1f01b4-204c-4c8e-9d57-dab454f45e63,575
192,c2e9bcbe-8cf0-449f-a57b-6654eaa3c304,8532f01b-6848-480a-bbdc-cb9d39f3e423,45055d6b-3f68-4642-aab8-791f83767b33,653164da-08b7-4284-9ed1-80439d1cee59,1197
193,b2e64aec-940c-47c4-83bb-c72decb6274e,195c1429-73f4-4141-9a17-64fa51b782ed,6bfdeac5-02c9-43fc-b341-b2b07aee4512,e79a1b76-d63d-45c5-8959-0fbb6f1407ce,889
194,d014bb27-d94e-4166-9049-1a7deee85b75,2410cfdf-1dbc-4bf3-875d-cb1116a5d3dc,af8df0dc-7761-45e1-821a-7e55d57e9bd8,0a63f2fe-13bf-4844-bcbb-5096cc253b65,1222
195,e229c05c-094f-4336-b015-69a958ee7c94,c737b130-c7ff-42b5-bbb6-b79014407ea9,8da6aff7-d3c8-4d1c-9a33-bb2b01bcc8b2,fefa662c-d8ee-43af-a266-5548f58c09a1,1900
196,07eb87a7-5059-48ce-a139-78e414530e75,c92fabcd-1437-4a69-940e-022cda678467,ca4e06e6-efb4-4c03-9207-996e88efbabb,802985bc-a614-4d2a-92e7-cc381082dbe5,1203
197,bf8e125d-14a4-42a6-9dd4-1a467396caf3,1253bce2-0fe8-40d4-b1cd-505a8c4cf9fe,8da6aff7-d3c8-4d1c-9a33-bb2b01bcc8b2,3b1f01b4-204c-4c8e-9d57-dab454f45e63,602
198,42500061-2dd5-4eb2-8270-43813251ef84,e0f33c5c-afa4-4b27-b14a-02f465f6df71,c65d91ba-f4fb-4bff-adc6-f16ff8764ae1,1b54f2ce-e3da-4b89-92d9-9b9ae3853f21,655
199,752f5988-2363-47be-9c34-e17b083a2562,096075d2-2be7-49cf-acac-0baa27fb17c2,2a7ecf3d-ea1c-489e-954c-4fe3be55cbca,891f2a6e-45e9-4e63-9180-4e6ea8742825,393
200,533fad28-0a30-4172-bac3-6bb017462dd1,b1008325-3ce4-480f-a39c-ba37d3eef60f,2a7ecf3d-ea1c-489e-954c-4fe3be55cbca,666bee46-686a-455b-8d38-f8908f62a3aa,847
201,e1e9fcf9-4696-4718-b5e4-977dab3e3480,ee755226-184a-44ed-9282-1e9141c64137,00bbb420-ca71-423e-8229-0c6f0c714164,3546a25f-87db-4d44-9d68-9106c26e25df,1431
202,a4cd8f30-95e2-4497-9f61-42c1367f2bf4,ac2ca43a-01ca-4b0e-8b1e-31e5b0cbfa9a,af8df0dc-7761-45e1-821a-7e55d57e9bd8,41951238-1d0a-4d7c-a4ca-c06d3f192cde,1849
203,5a40d143-045c-4f1f-bdcb-effbc507f99a,d61f54e9-f1dc-4d79-a79e-0a4c56677d8f,ca4e06e6-efb4-4c03-9207-996e88efbabb,9a6e05f1-c615-4469-9523-9da9a8cbe16a,828
204,9a89d655-a1a7-4f1e-875e-810b63fda517,096075d2-2be7-49cf-acac-0baa27fb17c2,2a7ecf3d-ea1c-489e-954c-4fe3be55cbca,06dcf0bb-45d1-4cf5-9760-09c0c655bffe,1486
205,855f21ea-4fd6-4833-b74f-10b7db521bf7,951344e4-007c-454b-a555-76ce4485fd61,2a7ecf3d-ea1c-489e-954c-4fe3be55cbca,e341dcdb-1602-41e8-9c90-64c8f62dcd08,1112
206,8063816d-7ee6-460a-8b53-281fee944dba,6740860f-f36a-41da-9a7e-6885838a1d7b,69f1c5af-b1a5-46da-8056-70202e3e0b1f,1ff80a05-eda6-4207-98af-1faf4435228a,787
207,94d22f38-a377-4b7a-9bf5-b5c3fcc59da9,8860553e-92ce-40eb-8b36-62b48ff9d4b4,1224be2f-a7a8-41f6-ae71-c2e4fde0cf94,e9a45d39-b36e-40db-8a83-e538a1edda95,648
208,d9fdbfc5-4b59-4234-a892-ea782c171b06,54458cc0-c822-4e34-b926-2ca25525f9cf,2cba9264-16ab-415f-a0ae-b5e1db3f4918,4b61038a-5362-4e06-a980-96b3813f02cf,2192
209,4eff5fef-d088-4947-83fe-15b2d7e37d32,5bfc9b45-3a54-4fe8-b097-72e8a3cf172c,00bbb420-ca71-423e-8229-0c6f0c714164,173b06b5-0a53-4577-9c99-8de171f95ad6,1778
210,77c0f799-a65e-45aa-8231-022984bdb388,5a928a23-f4a3-46b7-903b-13ee2900b349,d7539ef0-6130-44c8-81f7-4502f2c6981c,fefa662c-d8ee-43af-a266-5548f58c09a1,1434
211,a8f1e778-bb7d-415a-95d1-79e5d705e932,c6b6a6a2-8a7e-48d4-a437-34e22c541476,af8df0dc-7761-45e1-821a-7e55d57e9bd8,666bee46-686a-455b-8d38-f8908f62a3aa,194
212,098ae8e7-226d-4fd8-8c07-c7f728756c12,4ec6e203-871f-47ea-a7fb-5aec5441dc6f,d7539ef0-6130-44c8-81f7-4502f2c6981c,e5723683-42b6-4078-b06a-02559c2e5ad4,413
213,a55a2cd0-c5cf-4301-be2d-bf1670fef292,98582459-1302-4785-89c9-d9fadc741c77,5a5b6f95-b77f-478b-a1e7-0179dde8ef5d,fea23f09-43be-489d-8cba-429ba52946a6,1633
214,d0ab6d62-2bf8-4aab-812a-521a65e8ac22,98582459-1302-4785-89c9-d9fadc741c77,5a5b6f95-b77f-478b-a1e7-0179dde8ef5d,06dcf0bb-45d1-4cf5-9760-09c0c655bffe,74
215,b0f6e45a-98ff-4519-a375-28afe45a303d,e7e3daa2-6025-4f31-a29e-69c2651f3395,6bfdeac5-02c9-43fc-b341-b2b07aee4512,173b06b5-0a53-4577-9c99-8de171f95ad6,1541
216,ba342c81-1ebb-4b57-b219-ff6a633d704d,b6aa2379-66c2-4b94-bddb-c6917be9a0a9,45055d6b-3f68-4642-aab8-791f83767b33,891f2a6e-45e9-4e63-9180-4e6ea8742825,1199
217,64934ff5-7cb0-406b-b095-af7841ba4956,a6fa4ecb-c359-4f5b-9c41-5ee9c470eceb,563b7c40-ec9d-4615-ad82-32c3c1b2ef73,7581c067-804c-4517-ac9d-0ba72a7333e5,1554
218,e7b8f306-34f8-45a7-98b2-76b78fbe131c,6db073a7-3914-49fa-813c-8630f72e8d0d,2a7ecf3d-ea1c-489e-954c-4fe3be55cbca,a468395a-62dc-43cb-92c8-1b9004907930,1098
219,343a9594-67f3-4bfa-8cbd-d074becf297a,a887a6d1-852a-4eb3-b967-ebef69c22ced,2cba9264-16ab-415f-a0ae-b5e1db3f4918,7581c067-804c-4517-ac9d-0ba72a7333e5,1334
220,df870128-5578-45bb-8490-292517116d94,62d109a6-3b86-4812-9771-159b192b2d0e,00bbb420-ca71-423e-8229-0c6f0c714164,41951238-1d0a-4d7c-a4ca-c06d3f192cde,1021
221,8075395d-e8e0-442b-a4cd-d03f3cdf2344,68ba0f4d-d894-4085-8dd7-6dc9d4677683,8da6aff7-d3c8-4d1c-9a33-bb2b01bcc8b2,e3b52b66-8225-4eac-a332-3274ec6f56da,84
222,b755b2c9-039e-4867-9d45-9fe221db1800,21a1a57f-278d-4314-8264-4a88d95e45e4,d7539ef0-6130-44c8-81f7-4502f2c6981c,8587a450-9971-407b-a305-3f83848a6318,732
223,da8eec14-e87d-452a-9676-a3d6e63253cf,d28cadcc-3afe-4d05-a2a0-4de05c81b17f,fdfbb28c-47c8-4340-9dec-f42e42c01c26,3ba15684-7f8f-4690-9de6-b7895450c99d,1702
224,6cbbc020-b626-4358-b803-cd07741d2fbd,04699c6d-907d-4c0f-87ea-55605c6baa5d,af8df0dc-7761-45e1-821a-7e55d57e9bd8,3b1f01b4-204c-4c8e-9d57-dab454f45e63,1361
225,77d515d1-73ed-46a2-ac8b-c87e3f4cef7d,e8b197e5-d53d-46e5-b470-69a171eb16fa,8da6aff7-d3c8-4d1c-9a33-bb2b01bcc8b2,8587a450-9971-407b-a305-3f83848a6318,1105
226,c817712d-64d3-4326-ba9b-d6579f80f2b9,8cf296b8-4550-4a96-a3db-03fd80704de2,c65d91ba-f4fb-4bff-adc6-f16ff8764ae1,666bee46-686a-455b-8d38-f8908f62a3aa,800
227,9cfd3728-0bbf-4fcd-ba8f-eb3fb324bcf9,e8b197e5-d53d-46e5-b470-69a171eb16fa,8da6aff7-d3c8-4d1c-9a33-bb2b01bcc8b2,0e4c1881-3d9a-4be3-8c8b-235f54dfcc28,835
228,7b8a6d8f-b3f1-4c3b-a6c5-5f88e72cb651,6df88de3-a7b8-478b-9ce6-e2a6da7a6aea,92757080-d94a-4f4c-97ad-89ce5e58cc86,e3b52b66-8225-4eac-a332-3274ec6f56da,1195
229,b9686b7b-313a-4e57-9663-8e56c91c97db,baee9698-8432-4486-8d6f-643b44fed1a1,563b7c40-ec9d-4615-ad82-32c3c1b2ef73,0c2befa0-ea8e-4cfb-bfdf-8edfb098a174,1238
230,b7cc7e09-4638-4932-b9fd-cef0987fd5cd,31d0f488-e9cd-466a-9163-52ad47e587ba,5a5b6f95-b77f-478b-a1e7-0179dde8ef5d,06dcf0bb-45d1-4cf5-9760-09c0c655bffe,673
231,765fb652-4b3a-44ae-be05-0fb636c5545a,daf764a2-f4eb-4132-aa8b-1c007754cf47,00bbb420-ca71-423e-8229-0c6f0c714164,13e66431-e3b5-461c-9a25-bea3c20b5871,411
232,d46260bf-52f7-4452-989d-be2892e854ac,0f468e15-a24c-4ac3-b02d-84d2c1d6448e,d7539ef0-6130-44c8-81f7-4502f2c6981c,c4a28d12-7843-4c0c-ac8c-b37d4c7404c2,883
233,a8ba4822-cad2-4a79-a2b2-e6036ac63429,30a48918-3865-4fa2-b43d-ec8716b6ad57,222f67ec-71fe-4d39-b246-3b9461cb66f2,9a6e05f1-c615-4469-9523-9da9a8cbe16a,41
234,e3d4bc4b-8b3e-4982-80e9-2841b1cd8ab0,20763f1c-c519-45b4-a503-23c9621f7e4f,8da6aff7-d3c8-4d1c-9a33-bb2b01bcc8b2,939faa60-7e0d-49c7-98a8-455eada9afe8,1056
235,28c447b6-ed44-4762-a889-2db89a29d850,d98d7ea6-e555-4588-a8bf-d3958876cba0,af8df0dc-7761-45e1-821a-7e55d57e9bd8,0a63f2fe-13bf-4844-bcbb-5096cc253b65,1548
236,bb9284d7-ccd5-4d38-8481-dfd3242d5b56,9a58da14-cf48-436b-a8f9-8c844f3b5389,5a5b6f95-b77f-478b-a1e7-0179dde8ef5d,c4a28d12-7843-4c0c-ac8c-b37d4c7404c2,1172
237,ca5f86b4-19cc-4fef-bbd2-8a9b8313ff95,8e0b55fe-834f-4c27-935e-558bc46dd7e3,ca4e06e6-efb4-4c03-9207-996e88efbabb,a468395a-62dc-43cb-92c8-1b9004907930,1619
238,f6c5e030-519a-497c-af58-e70984d43d13,cee95526-d9ab-432f-8b2f-3837ec2532b6,8da6aff7-d3c8-4d1c-9a33-bb2b01bcc8b2,3ed8de56-e3a8-4bb2-b751-52a1c008b89b,147
239,31acbe62-6aae-4050-ba92-dae01c37ae37,d31a653e-3125-4008-9382-09d94d6e9c64,c65d91ba-f4fb-4bff-adc6-f16ff8764ae1,ebc313bd-afea-4c19-b56b-917adb4dbde1,1763
240,e080e127-054a-4a97-9176-c2f4c6669567,9f50b8d6-84d9-4f46-ab11-0b4ea9cfbe83,45055d6b-3f68-4642-aab8-791f83767b33,0c2befa0-ea8e-4cfb-bfdf-8edfb098a174,1076
241,6c0494c1-5678-48f1-b6dd-326e4269d2a3,e0478e4f-cbb8-480d-83ea-35e532d054bc,00bbb420-ca71-423e-8229-0c6f0c714164,0e4c1881-3d9a-4be3-8c8b-235f54dfcc28,168
242,333e1d4a-19ae-4d97-b351-d9cd582e16cc,35fe8cc3-7764-4825-8c4b-f51931fb9728,69f1c5af-b1a5-46da-8056-70202e3e0b1f,891f2a6e-45e9-4e63-9180-4e6ea8742825,1406
243,3dd3c974-4b4a-40eb-b68f-fb2e7298b826,0daad6b0-22a5-4ee3-b1c8-830e2711c0b6,1224be2f-a7a8-41f6-ae71-c2e4fde0cf94,0e4c1881-3d9a-4be3-8c8b-235f54dfcc28,928
244,c4fbb6bb-a1ff-4f35-9880-63b06d4448e3,3e9742cf-8b88-4e29-bbb3-2323559d4251,d4ce9122-24cb-4001-b14a-a4c9650b3c31,4b61038a-5362-4e06-a980-96b3813f02cf,1756
245,a0137d2c-a008-48d2-8d3a-8873bb41a64e,d28cadcc-3afe-4d05-a2a0-4de05c81b17f,fdfbb28c-47c8-4340-9dec-f42e42c01c26,c4a28d12-7843-4c0c-ac8c-b37d4c7404c2,2094
246,8bfb824e-c7d9-4966-b2fc-414709b04d43,1036afb6-81d7-4ff4-8588-82a516e1f017,1224be2f-a7a8-41f6-ae71-c2e4fde0cf94,9a6e05f1-c615-4469-9523-9da9a8cbe16a,503
247,9080cc91-c2f5-43fb-b77e-b906d94eeb3c,8737aa66-3717-40d6-b242-a89fed3b1f69,d7539ef0-6130-44c8-81f7-4502f2c6981c,df6fbb45-39e4-4e2a-addd-26ca4328ec03,405
248,7f42cf02-6b93-41cf-8599-e7f413c21113,0ec9d19c-11c0-43fb-b387-7cc135437ceb,8da6aff7-d3c8-4d1c-9a33-bb2b01bcc8b2,3b1f01b4-204c-4c8e-9d57-dab454f45e63,258
249,07e84d4a-8899-4101-8f32-77862bc12c96,26f19e89-d9e2-4979-b229-aa09d6947e7b,45055d6b-3f68-4642-aab8-791f83767b33,cbb8d2ac-25fe-4bf4-bfae-07e02076ff48,296
250,7ff63a23-c3e1-4202-afc9-b132b9ba5fe9,5f1dae45-86f2-4237-a695-5a329401ca5a,8da6aff7-d3c8-4d1c-9a33-bb2b01bcc8b2,e8e3b53d-baac-4663-bd98-b320bf0ba35e,791
251,a36a21a2-4652-449e-866a-6287b93e99ce,ab82218f-5860-41a1-8c2b-c9b8da1287c2,c76e89c7-9beb-4400-b5dd-300c2e398fda,248abcef-72cb-4ff1-b7f2-ac72755d64b5,1030
252,984b0f3f-49bf-4238-8af9-124296a69579,e12a91d4-7141-4ec4-8623-d97433c9d978,d7539ef0-6130-44c8-81f7-4502f2c6981c,653164da-08b7-4284-9ed1-80439d1cee59,1185
253,38b18e3c-72fe-4697-8692-0057f9200abd,6e486f73-cb6f-4c7c-a77a-d595081bb84e,45055d6b-3f68-4642-aab8-791f83767b33,41951238-1d0a-4d7c-a4ca-c06d3f192cde,1098
254,3fcbb85a-7b7c-4e9c-9f49-c7f3b46026eb,9b758c22-ccd0-4bf5-915b-1ba73dc39128,45055d6b-3f68-4642-aab8-791f83767b33,c4a28d12-7843-4c0c-ac8c-b37d4c7404c2,1003
255,0038fd11-7d66-425a-9c84-aab384b9b946,66928400-9d40-4098-ae0d-b99bada430d0,fdfbb28c-47c8-4340-9dec-f42e42c01c26,c7af2cf8-a798-4363-a0c0-da2cc00ac053,2218
256,87376224-5556-4123-9312-c29f349025c1,8ae0b0ac-64ea-4d51-8c64-2b0bcf3291b8,fdfbb28c-47c8-4340-9dec-f42e42c01c26,e341dcdb-1602-41e8-9c90-64c8f62dcd08,722
257,b3e550f8-8a08-43e9-a5be-eb4e5a63a062,d381ef1d-6114-4de8-a72d-4eb8ff758613,1224be2f-a7a8-41f6-ae71-c2e4fde0cf94,e2442d3e-d595-4578-8efb-5699835e0e8b,1030
258,75c061ba-1192-497d-953e-638401e9052a,d0e9baaa-205d-44ac-93f0-11e93777f756,00bbb420-ca71-423e-8229-0c6f0c714164,1b54f2ce-e3da-4b89-92d9-9b9ae3853f21,802
259,30463741-47af-4835-afa9-2a7812e359e5,494353b6-949f-41c9-a7b0-cbda1a95900b,2a7ecf3d-ea1c-489e-954c-4fe3be55cbca,ebc313bd-afea-4c19-b56b-917adb4dbde1,168
260,5bae9983-ad89-4966-9eb3-b2971f8c84e9,85a12498-40d4-4505-926b-2d27f9d06ecc,69f1c5af-b1a5-46da-8056-70202e3e0b1f,9a6e05f1-c615-4469-9523-9da9a8cbe16a,851
261,0801bf26-bfba-4b83-b531-3eff059df54b,0184a079-bb1a-42a2-a9db-5dcf30403053,c65d91ba-f4fb-4bff-adc6-f16ff8764ae1,173b06b5-0a53-4577-9c99-8de171f95ad6,1279
262,9b6494c0-5f33-49cd-9fb8-507a74ce260d,60430c01-4bee-494c-b82c-3f3351e6a0f5,9501fb08-a53f-473b-af04-f8be7a3e0d35,4b61038a-5362-4e06-a980-96b3813f02cf,468
263,9fe4a711-c0ef-494b-977c-4d42075d8e22,f7636929-17f1-461c-b196-f2ee93d93d5e,2a7ecf3d-ea1c-489e-954c-4fe3be55cbca,8587a450-9971-407b-a305-3f83848a6318,470
264,31292f91-6c03-4a67-ada2-ebfef8cbe041,999848c8-122d-405c-ae6a-8087aa5f09f6,c65d91ba-f4fb-4bff-adc6-f16ff8764ae1,6f6660fb-963d-4593-b242-d39c1c80e59c,1987
265,50564084-a566-4dc4-97b5-684564d83e60,c0ef6920-a455-44a3-a045-c786afc25c5d,69f1c5af-b1a5-46da-8056-70202e3e0b1f,3b32eea0-4f68-4ca6-9190-b6fc32d5fa56,334
266,8ec9cfa6-3787-48c2-8fdc-7bb865f6946a,faab45d3-fe81-453c-9b58-d88c5c10fed4,9501fb08-a53f-473b-af04-f8be7a3e0d35,f91532c4-4e2d-479f-8755-eb991916c106,429
267,72665248-6e94-4520-a13f-07a9f69f9c1c,050ce582-7e54-403c-a1d2-8fbf0333b279,9501fb08-a53f-473b-af04-f8be7a3e0d35,09cc234c-8167-4fe6-9c2c-473c4c25e719,1614
268,18e19aa0-96e0-4307-a321-24cb33718073,ca8c01e1-ceab-462f-a786-93fd1a04dbbc,222f67ec-71fe-4d39-b246-3b9461cb66f2,29d63502-915d-4348-b8a2-8dfbcc615a30,1247
269,f2393e84-99fd-4d41-b734-929be6de5873,a965dbfc-61a8-4a33-9e74-f6aeafe835d5,2a7ecf3d-ea1c-489e-954c-4fe3be55cbca,8587a450-9971-407b-a305-3f83848a6318,705
270,dcd77003-3626-494b-bd3f-04b85dacf5b3,7e86d19e-92a7-4e43-93b8-3bd95c33bd13,563b7c40-ec9d-4615-ad82-32c3c1b2ef73,3ba15684-7f8f-4690-9de6-b7895450c99d,1545
271,7a22fb40-3c19-49e4-97f2-15baeab19298,195c1429-73f4-4141-9a17-64fa51b782ed,6bfdeac5-02c9-43fc-b341-b2b07aee4512,fea23f09-43be-489d-8cba-429ba52946a6,131
272,1ac6209b-3f97-4d7a-a2fe-5abd7aa29077,ca8c01e1-ceab-462f-a786-93fd1a04dbbc,222f67ec-71fe-4d39-b246-3b9461cb66f2,7581c067-804c-4517-ac9d-0ba72a7333e5,1279
273,03370cd6-2228-4485-a16c-5856bc1f4229,3157d27a-3637-45eb-b1a5-8a4eb79a7d4d,af8df0dc-7761-45e1-821a-7e55d57e9bd8,29d63502-915d-4348-b8a2-8dfbcc615a30,969
274,202f529f-0ef9-4c85-965a-743fa7a1f567,9930bcb6-1ae1-4b11-b25c-168dd05f0336,c76e89c7-9beb-4400-b5dd-300c2e398fda,e341dcdb-1602-41e8-9c90-64c8f62dcd08,1611
275,81245e05-b5e4-4a55-9c51-f06d210d106d,06141837-4e95-45c9-9946-0ae2d3cecfb5,45055d6b-3f68-4642-aab8-791f83767b33,e341dcdb-1602-41e8-9c90-64c8f62dcd08,446
276,dfef22ed-f1ee-4f6a-aa65-784a415d50fa,4b6395cc-c690-40e0-b0ed-8aec15b17dde,222f67ec-71fe-4d39-b246-3b9461cb66f2,0c2befa0-ea8e-4cfb-bfdf-8edfb098a174,1390
277,f365dbb7-4a47-45d9-b093-460d362937be,67ada2de-171f-4cad-9cea-4589f757eeba,af8df0dc-7761-45e1-821a-7e55d57e9bd8,0a63f2fe-13bf-4844-bcbb-5096cc253b65,820
278,5a113e2f-dc00-4c36-925e-8ba2228ada84,58f907b1-58b2-4e85-83ee-3eaa42501a10,ca4e06e6-efb4-4c03-9207-996e88efbabb,fb3c5cb8-043f-4e4c-a923-51323b81e475,1518
279,e8482de5-f148-46ab-85f3-39255cc42318,c0b12160-0ce8-43a2-bbb3-39ac61a9d322,6bfdeac5-02c9-43fc-b341-b2b07aee4512,e3b52b66-8225-4eac-a332-3274ec6f56da,1154
280,2efe38fd-7d9d-454e-8ae7-e58f426b3b80,7adf1740-8978-4536-bee8-2f04c950d058,00bbb420-ca71-423e-8229-0c6f0c714164,1b54f2ce-e3da-4b89-92d9-9b9ae3853f21,212
281,83d915db-3757-4991-bf46-9239726c91d7,6f3c270a-5086-4ef1-bf50-4a03b7d314f5,69f1c5af-b1a5-46da-8056-70202e3e0b1f,a468395a-62dc-43cb-92c8-1b9004907930,592
282,ca037513-7fbc-41c7-9197-3094b70ad59c,99ee1a7a-fdb6-4f4e-82ad-a22b64758025,af8df0dc-7761-45e1-821a-7e55d57e9bd8,6f6660fb-963d-4593-b242-d39c1c80e59c,858
283,497b609b-f12d-4bfc-80a1-5368ec67a643,3832199d-63e3-4166-993a-3c337ea2ada4,5a5b6f95-b77f-478b-a1e7-0179dde8ef5d,248abcef-72cb-4ff1-b7f2-ac72755d64b5,361
284,eaff4c32-ef49-4f90-ac2a-3f8da3268ac5,8d288c3b-9211-4d08-856a-77df83d529d6,fdfbb28c-47c8-4340-9dec-f42e42c01c26,0e4c1881-3d9a-4be3-8c8b-235f54dfcc28,1380
285,b0019653-2f90-4538-8ad9-01afa338170d,9b758c22-ccd0-4bf5-915b-1ba73dc39128,45055d6b-3f68-4642-aab8-791f83767b33,e341dcdb-1602-41e8-9c90-64c8f62dcd08,1447
286,a9b5fd07-e0ce-4d85-8ac3-f4a37a7b5123,e4f30196-b1e9-40fc-a219-b73d7d78a473,d4ce9122-24cb-4001-b14a-a4c9650b3c31,0e4c1881-3d9a-4be3-8c8b-235f54dfcc28,1146
287,9be62e18-458a-4892-9b65-4e9f439c3b60,fc45c056-fc49-4130-845e-7f483f0ee952,1224be2f-a7a8-41f6-ae71-c2e4fde0cf94,802985bc-a614-4d2a-92e7-cc381082dbe5,167
288,b6b2face-da2f-43ca-b220-af5ea6baac01,fbfd6aa5-0f5d-4f0e-8cfc-d9b1dbd70185,45055d6b-3f68-4642-aab8-791f83767b33,09cc234c-8167-4fe6-9c2c-473c4c25e719,977
289,a6b0bea3-0e7f-4f96-85fc-5061ff7e1dd4,4549209e-8363-444a-bc8c-839dfd61e650,6bfdeac5-02c9-43fc-b341-b2b07aee4512,3b32eea0-4f68-4ca6-9190-b6fc32d5fa56,261
290,1c84703c-b27f-48d7-8022-6ba89be4aac0,15cd7396-b140-49b3-b5ef-efca498ff777,ca4e06e6-efb4-4c03-9207-996e88efbabb,c7af2cf8-a798-4363-a0c0-da2cc00ac053,1009
291,c35b4332-07b5-4780-a964-34f15191923d,f3bdb4be-9e47-4bc2-9c67-52a344fe6e0d,ca4e06e6-efb4-4c03-9207-996e88efbabb,3b1f01b4-204c-4c8e-9d57-dab454f45e63,1606
292,7c3a15c9-7187-49d7-a0cd-1d0a8d49b066,db15814f-dec4-4e2b-89db-d766d97dab91,6bfdeac5-02c9-43fc-b341-b2b07aee4512,3b1f01b4-204c-4c8e-9d57-dab454f45e63,1941
293,0f6ec10e-472c-4d55-b737-e473c9447147,8ec8dafd-fceb-44f1-8d50-9f1568a705a0,ca4e06e6-efb4-4c03-9207-996e88efbabb,1ff80a05-eda6-4207-98af-1faf4435228a,2022
294,65fcc740-f6cb-479a-b71f-7837f42d4d11,87b34be8-0340-4549-bcfa-fc2c5246ee77,9501fb08-a53f-473b-af04-f8be7a3e0d35,cbb8d2ac-25fe-4bf4-bfae-07e02076ff48,692
295,338391b3-f84b-4448-bc9c-9933e1028eca,706f4b67-1a0e-4b19-b63a-a7c0c45f58e3,2a7ecf3d-ea1c-489e-954c-4fe3be55cbca,802985bc-a614-4d2a-92e7-cc381082dbe5,1150
296,c7fe556b-e584-4966-9525-bbe2f6406816,e017e224-60a5-49e1-b033-8d1b7075434b,d7539ef0-6130-44c8-81f7-4502f2c6981c,d5f524f7-c99f-455a-8b86-e9e0d7783945,1339
297,90c6ba2c-2b66-4d70-b920-9179deb044b7,516bda92-9368-48b5-a080-af661bce78b2,8da6aff7-d3c8-4d1c-9a33-bb2b01bcc8b2,c4a28d12-7843-4c0c-ac8c-b37d4c7404c2,1582
298,b3689f16-7574-4c67-8e01-cb6bccc40a5a,f5f0d671-5aac-4c08-8b02-ae232aa99aa1,fdfbb28c-47c8-4340-9dec-f42e42c01c26,8587a450-9971-407b-a305-3f83848a6318,1352
299,9a8d4cd6-57db-4716-81f2-8af5859ce38c,a2aee0bb-8060-445e-be8b-ea8e425d1c23,d4ce9122-24cb-4001-b14a-a4c9650b3c31,df6fbb45-39e4-4e2a-addd-26ca4328ec03,484
300,9c55fa7a-f39f-4e03-b8f4-42a7d22ae411,3e3dc0bd-7e36-4241-9877-8201ab94cdc2,45055d6b-3f68-4642-aab8-791f83767b33,3b32eea0-4f68-4ca6-9190-b6fc32d5fa56,1935
301,90bfff82-ef9e-4dbf-80d0-d2ec5f3c9d24,7560cd3a-ddf2-4a41-ab6c-c961b52b34f4,af8df0dc-7761-45e1-821a-7e55d57e9bd8,0a63f2fe-13bf-4844-bcbb-5096cc253b65,1788
302,fe18a19e-5298-4f10-b740-266c3847b23a,d035eb10-fac9-497f-b716-a4b15c3adcd4,8da6aff7-d3c8-4d1c-9a33-bb2b01bcc8b2,e3b52b66-8225-4eac-a332-3274ec6f56da,96
303,eb466a63-523b-415d-b90e-507be11507cd,6f7909ad-a888-44a7-92cb-666fbfd4d882,ca4e06e6-efb4-4c03-9207-996e88efbabb,13e66431-e3b5-461c-9a25-bea3c20b5871,61
304,2ad2d8c7-f497-4ce0-a017-b7641e08edc6,ffc48cb6-8611-45a0-88b8-5c0bfacad840,222f67ec-71fe-4d39-b246-3b9461cb66f2,4b61038a-5362-4e06-a980-96b3813f02cf,1330
305,2a91b9d3-65f0-4d4f-9a76-117c51dda0af,c92fabcd-1437-4a69-940e-022cda678467,ca4e06e6-efb4-4c03-9207-996e88efbabb,891f2a6e-45e9-4e63-9180-4e6ea8742825,508
306,94e9188b-47f3-47f1-a02f-044247753dc4,6402c7e4-a090-4797-950f-12a169a48c43,8da6aff7-d3c8-4d1c-9a33-bb2b01bcc8b2,c4a28d12-7843-4c0c-ac8c-b37d4c7404c2,1526
307,30e9bd9a-f3a5-4d79-aabd-d75a628ada6d,9c1234f2-f811-4baf-88c6-434ed52deac2,92757080-d94a-4f4c-97ad-89ce5e58cc86,29d63502-915d-4348-b8a2-8dfbcc615a30,1228
308,1af700f2-28fb-46d8-be80-c4e24ba0ecdf,69229d48-0f6f-4a6e-b4d3-68be89c19dc5,563b7c40-ec9d-4615-ad82-32c3c1b2ef73,fefa662c-d8ee-43af-a266-5548f58c09a1,179
309,39e8dc3c-b720-4e90-8667-df912e965580,ffc48cb6-8611-45a0-88b8-5c0bfacad840,222f67ec-71fe-4d39-b246-3b9461cb66f2,3b1f01b4-204c-4c8e-9d57-dab454f45e63,143
310,59238fde-c5b1-4c8f-bd04-63896719f1d1,732e0215-2c8d-429d-994a-fe9ae4909230,5a5b6f95-b77f-478b-a1e7-0179dde8ef5d,29d63502-915d-4348-b8a2-8dfbcc615a30,1202
311,a5360399-efed-429b-adda-e3904e6250f9,67ada2de-171f-4cad-9cea-4589f757eeba,af8df0dc-7761-45e1-821a-7e55d57e9bd8,802985bc-a614-4d2a-92e7-cc381082dbe5,601
312,fb703153-4de6-4a20-b75f-0181307fda0c,8532f01b-6848-480a-bbdc-cb9d39f3e423,45055d6b-3f68-4642-aab8-791f83767b33,3ed8de56-e3a8-4bb2-b751-52a1c008b89b,1365
313,95b24ac3-8b30-48f4-ac55-3c1b4011b4fa,d3647072-bd7f-406b-93c1-6c59f94b3c1a,69f1c5af-b1a5-46da-8056-70202e3e0b1f,e9a45d39-b36e-40db-8a83-e538a1edda95,1252
314,b8a43d86-a51a-4423-9d85-878d1d366fcb,7bd6cd6c-7d6c-46a9-9f20-676de8faecd2,c76e89c7-9beb-4400-b5dd-300c2e398fda,e5723683-42b6-4078-b06a-02559c2e5ad4,487
315,481193c9-0f80-4456-a679-4e5ba6561afb,2029a938-5cbf-435a-bf4b-50c89fb17d72,92757080-d94a-4f4c-97ad-89ce5e58cc86,e8e3b53d-baac-4663-bd98-b320bf0ba35e,258
316,ed6583e1-94bb-4698-a209-7a275db26a38,ca1770f5-8a4b-4e33-b9df-1757f1d0132e,69f1c5af-b1a5-46da-8056-70202e3e0b1f,c7af2cf8-a798-4363-a0c0-da2cc00ac053,283
317,e7b9b694-332e-4062-9648-416134123138,5922532d-d10c-42c3-b8af-58b893ad07a6,af8df0dc-7761-45e1-821a-7e55d57e9bd8,e3b52b66-8225-4eac-a332-3274ec6f56da,749
318,4ae993c6-da65-4a24-b3ff-19f54721142e,b11e5960-4e1a-48ad-8ce1-a4ddbfb8adf1,1224be2f-a7a8-41f6-ae71-c2e4fde0cf94,0e4c1881-3d9a-4be3-8c8b-235f54dfcc28,629
319,e171b65f-af35-490b-9339-d7fd0e15fe2a,20087097-6a10-4960-b539-bd93950407d4,92757080-d94a-4f4c-97ad-89ce5e58cc86,76b127c1-c3e3-48b9-b368-6b8197e03302,233
320,70adee4c-54c3-446e-a139-4e05cb087280,52f76360-25d5-41a0-8f24-9c6ec62fbb4d,d7539ef0-6130-44c8-81f7-4502f2c6981c,3ed8de56-e3a8-4bb2-b751-52a1c008b89b,1566
321,c3300728-1cd3-46b4-b9ed-520d4bf3ed0c,79c1dc51-2893-4642-bd10-342d8709fb99,1224be2f-a7a8-41f6-ae71-c2e4fde0cf94,0a63f2fe-13bf-4844-bcbb-5096cc253b65,296
322,f0b3e7c5-5ac2-465a-a437-8dbdfb8c2e9e,35fe8cc3-7764-4825-8c4b-f51931fb9728,69f1c5af-b1a5-46da-8056-70202e3e0b1f,0a63f2fe-13bf-4844-bcbb-5096cc253b65,151
323,d94603f7-78ff-4df3-9677-07963759f0f2,43abae49-6fe7-4e46-8ffb-cae1b5eb5c92,92757080-d94a-4f4c-97ad-89ce5e58cc86,76b127c1-c3e3-48b9-b368-6b8197e03302,1270
324,56a3f71d-630e-4eb0-96e7-84a49f43aed1,bae5782f-2571-443a-a95b-b0fd19c0c478,69f1c5af-b1a5-46da-8056-70202e3e0b1f,666bee46-686a-455b-8d38-f8908f62a3aa,965
325,3e1abd28-8beb-431b-9db6-48704ef2488e,37703665-3c95-41f9-94ab-029f09ebcbe1,69f1c5af-b1a5-46da-8056-70202e3e0b1f,e79a1b76-d63d-45c5-8959-0fbb6f1407ce,649
326,17d6281d-7bc6-439b-84b2-9b4fcbb50153,e8957fa1-75f6-421d-9a2b-d9a9c116982d,fdfbb28c-47c8-4340-9dec-f42e42c01c26,1b54f2ce-e3da-4b89-92d9-9b9ae3853f21,1734
327,ef4252e1-f3a5-440c-a64b-a43d6525563e,448e3b0a-58b1-42ee-807c-065632239f63,222f67ec-71fe-4d39-b246-3b9461cb66f2,e9a45d39-b36e-40db-8a83-e538a1edda95,1246
328,ad547e00-ef93-40f7-9bec-6d93f6ad3af6,ea7dd798-e5ac-43af-a84d-fadf5161dae1,af8df0dc-7761-45e1-821a-7e55d57e9bd8,1ff80a05-eda6-4207-98af-1faf4435228a,190
329,ec960e63-2659-409a-943a-9a69bafbf568,00a8a311-8a5d-4187-99ba-dadf758de694,d4ce9122-24cb-4001-b14a-a4c9650b3c31,802985bc-a614-4d2a-92e7-cc381082dbe5,1161
330,28088b51-e263-4352-8e63-f1521c839b7f,2bb82deb-39bd-410d-935e-4733cfd2fdc7,563b7c40-ec9d-4615-ad82-32c3c1b2ef73,6f6660fb-963d-4593-b242-d39c1c80e59c,1872
331,267dbddf-463f-43fb-8a7c-a11b37a4b431,e833a17a-c12b-40ff-b14d-37b29d8605c1,563b7c40-ec9d-4615-ad82-32c3c1b2ef73,248abcef-72cb-4ff1-b7f2-ac72755d64b5,1048
332,30b5dcf3-98c1-4ebc-9914-5610526b5ce6,980976f2-ff06-40dc-b475-54bdbe4df4ed,c65d91ba-f4fb-4bff-adc6-f16ff8764ae1,4b61038a-5362-4e06-a980-96b3813f02cf,2176
333,70f8b401-bcd3-48f0-8b67-7e3524dc443a,aebb23c2-113e-48e1-812d-36e622aaddc9,222f67ec-71fe-4d39-b246-3b9461cb66f2,6f6660fb-963d-4593-b242-d39c1c80e59c,989
334,dd543de9-ea97-4e57-8825-fd38f2d36908,ca326e76-b57b-45ef-8207-89d5410ac385,af8df0dc-7761-45e1-821a-7e55d57e9bd8,e5723683-42b6-4078-b06a-02559c2e5ad4,1061
335,faca3f5e-3bbf-40e4-8af9-2e4c1220892c,8f380eaf-365c-4309-afe8-5650aeac591c,222f67ec-71fe-4d39-b246-3b9461cb66f2,e5723683-42b6-4078-b06a-02559c2e5ad4,515
336,1fd793c2-5c0a-4180-abd6-c4b5b16d8c66,1173db15-bb84-4920-87b6-7520a4af8f51,2cba9264-16ab-415f-a0ae-b5e1db3f4918,3b1f01b4-204c-4c8e-9d57-dab454f45e63,256
337,8df73569-e9dd-4c90-8bc4-c7f78d24f722,48116d1f-b5c3-4c09-b4fc-27c8ba5bbfc1,6bfdeac5-02c9-43fc-b341-b2b07aee4512,248abcef-72cb-4ff1-b7f2-ac72755d64b5,579
338,9041e4d7-eb46-4bf0-94f3-8db71782c8c9,22dad4fd-11d6-4c00-8b9b-38020f9e3a62,9501fb08-a53f-473b-af04-f8be7a3e0d35,f91532c4-4e2d-479f-8755-eb991916c106,1200
339,f86a0b6e-d4f2-4db6-a98a-b4b32db6ba43,980976f2-ff06-40dc-b475-54bdbe4df4ed,c65d91ba-f4fb-4bff-adc6-f16ff8764ae1,06dcf0bb-45d1-4cf5-9760-09c0c655bffe,947
340,941015e0-4d64-467f-80ce-bdc8d2a9060b,8532f01b-6848-480a-bbdc-cb9d39f3e423,45055d6b-3f68-4642-aab8-791f83767b33,09cc234c-8167-4fe6-9c2c-473c4c25e719,62
341,b457b2be-7c02-4e35-9ef3-bcd3af93b623,e96db35f-69bc-4fa5-827f-a434e4008908,d7539ef0-6130-44c8-81f7-4502f2c6981c,0c2befa0-ea8e-4cfb-bfdf-8edfb098a174,532
342,c21a2156-0b24-4f5e-a760-919b04f948b8,8d288c3b-9211-4d08-856a-77df83d529d6,fdfbb28c-47c8-4340-9dec-f42e42c01c26,e5723683-42b6-4078-b06a-02559c2e5ad4,1650
343,5e3fd933-f40f-4dac-9fb4-e1f515108091,16369d82-931c-497b-9571-411f98c3bf1b,92757080-d94a-4f4c-97ad-89ce5e58cc86,f91532c4-4e2d-479f-8755-eb991916c106,7
344,21accbb4-6177-415d-a529-496951d5c630,bea871df-9a0a-4dab-94f3-6a938f40e4b0,222f67ec-71fe-4d39-b246-3b9461cb66f2,3ba15684-7f8f-4690-9de6-b7895450c99d,1122
345,8bfb55c1-60fb-4400-830e-672f03ae82cf,e764e671-11aa-4759-a066-74a7e4a00dd5,ca4e06e6-efb4-4c03-9207-996e88efbabb,3546a25f-87db-4d44-9d68-9106c26e25df,951
346,ebee6c99-afad-4ace-96f7-a601fe3174d9,13fd59f8-efec-4711-855d-21b297f12a3c,45055d6b-3f68-4642-aab8-791f83767b33,0c2befa0-ea8e-4cfb-bfdf-8edfb098a174,190
347,ff0d34cf-6e72-4eea-9ea9-5cea8669ba46,3086d9ed-c695-4a84-b053-75b4a28b5a3b,6bfdeac5-02c9-43fc-b341-b2b07aee4512,df6fbb45-39e4-4e2a-addd-26ca4328ec03,1104
348,40761b47-ba78-451c-b5d2-0a18ccb0c01f,6f01a457-beb6-49a6-8091-5367d3427226,2cba9264-16ab-415f-a0ae-b5e1db3f4918,e5723683-42b6-4078-b06a-02559c2e5ad4,42
349,7db0d5a7-aae9-4d00-a81b-1032fb2c6625,b7563d9f-1f01-48bd-ab6b-aaa57995b5e7,d4ce9122-24cb-4001-b14a-a4c9650b3c31,3ba15684-7f8f-4690-9de6-b7895450c99d,309
350,246faf00-4afe-4147-becd-5160e1dcf135,e4f30196-b1e9-40fc-a219-b73d7d78a473,d4ce9122-24cb-4001-b14a-a4c9650b3c31,fea23f09-43be-489d-8cba-429ba52946a6,242
351,681f5e75-bec5-4453-b25b-04f2db1d75de,4549209e-8363-444a-bc8c-839dfd61e650,6bfdeac5-02c9-43fc-b341-b2b07aee4512,d06eca5c-48be-4d58-9222-97452366955b,1139
352,1bfdec7e-ed7e-432c-8923-7ed53d1a67a6,8f380eaf-365c-4309-afe8-5650aeac591c,222f67ec-71fe-4d39-b246-3b9461cb66f2,3ed8de56-e3a8-4bb2-b751-52a1c008b89b,220
353,c440cfca-3030-4236-8b3d-270d5f984d6c,d55bae4b-0b44-4b3d-be03-363a202ddb5e,2cba9264-16ab-415f-a0ae-b5e1db3f4918,facc30c9-d01a-4526-b601-90c91c5e89fa,1691
354,5d344c9b-3234-46b7-ab09-00a0db3645c6,706b17a4-b7d2-4753-9b21-5b9d812703a6,ca4e06e6-efb4-4c03-9207-996e88efbabb,fb3c5cb8-043f-4e4c-a923-51323b81e475,342
355,c9cf544e-136d-4285-be3e-f080bf24b4c3,77854329-ca83-4bd1-93d4-56316b4fedef,2a7ecf3d-ea1c-489e-954c-4fe3be55cbca,666bee46-686a-455b-8d38-f8908f62a3aa,1508
356,9e4aa6fe-a739-4cbe-82c4-1a71cc4023d7,0699cba0-e69d-483c-b853-ec80f27fa190,563b7c40-ec9d-4615-ad82-32c3c1b2ef73,4b61038a-5362-4e06-a980-96b3813f02cf,505
357,99e8cd97-e27e-4f08-b52d-292b8c4c1f6e,56641e7a-3131-4dfe-ba72-22c229b2b994,6bfdeac5-02c9-43fc-b341-b2b07aee4512,802985bc-a614-4d2a-92e7-cc381082dbe5,460
358,2373042b-98e2-47e2-9d29-65c047118956,8cf4d122-1c3f-4165-9983-d10e7f36b918,c76e89c7-9beb-4400-b5dd-300c2e398fda,a468395a-62dc-43cb-92c8-1b9004907930,1407
359,0da91279-75c3-43c2-a82b-7c5a4f2b21a7,083eff70-ed55-4f1e-842b-523bb63be1ca,d4ce9122-24cb-4001-b14a-a4c9650b3c31,fefa662c-d8ee-43af-a266-5548f58c09a1,856
360,ffde292b-afbf-4d5e-883b-0a23cc27c2fd,d28cadcc-3afe-4d05-a2a0-4de05c81b17f,fdfbb28c-47c8-4340-9dec-f42e42c01c26,4b61038a-5362-4e06-a980-96b3813f02cf,1060
361,068a2aca-308c-4cef-9832-94cfdc74cc3f,9e4d4d14-4fd4-46ad-b8ff-7d81a7276fa4,00bbb420-ca71-423e-8229-0c6f0c714164,29d63502-915d-4348-b8a2-8dfbcc615a30,826
362,0d5f5644-25b0-4b65-bbc3-fce4574bf33d,b5c0fc98-22c2-49c8-b8b7-b02c4e5c1368,d4ce9122-24cb-4001-b14a-a4c9650b3c31,df6fbb45-39e4-4e2a-addd-26ca4328ec03,1021
363,54942e70-5150-47ba-a7ba-4d22722bd22e,3ae825f2-41af-482d-a5ff-01ad8fadb541,9501fb08-a53f-473b-af04-f8be7a3e0d35,f91532c4-4e2d-479f-8755-eb991916c106,115
364,926eda64-5028-4fff-8b71-651a15cc5d4a,d627c0d0-8098-49f9-bd8a-5b29906cfb74,af8df0dc-7761-45e1-821a-7e55d57e9bd8,13e66431-e3b5-461c-9a25-bea3c20b5871,601
365,82a1df64-2430-46be-a72f-a64de86612b4,b1008325-3ce4-480f-a39c-ba37d3eef60f,2a7ecf3d-ea1c-489e-954c-4fe3be55cbca,cbb8d2ac-25fe-4bf4-bfae-07e02076ff48,807
366,b3af1876-d33c-42b5-9996-201b829129e1,478bf683-c279-44b4-936c-b68accd05adf,45055d6b-3f68-4642-aab8-791f83767b33,939faa60-7e0d-49c7-98a8-455eada9afe8,1786
367,76cc67fa-90f4-496e-98ff-42aafe4d5eb4,ffc48cb6-8611-45a0-88b8-5c0bfacad840,222f67ec-71fe-4d39-b246-3b9461cb66f2,e341dcdb-1602-41e8-9c90-64c8f62dcd08,1202
368,8b682be9-80e7-47db-9803-991694b0cadb,92d10aa8-4da6-4f7b-92ec-5716f8a7b20c,c65d91ba-f4fb-4bff-adc6-f16ff8764ae1,41951238-1d0a-4d7c-a4ca-c06d3f192cde,1359
369,c36748df-f909-4913-a560-5d34baa08440,31d0f488-e9cd-466a-9163-52ad47e587ba,5a5b6f95-b77f-478b-a1e7-0179dde8ef5d,d06eca5c-48be-4d58-9222-97452366955b,1209
370,29f6a4af-a432-4ea1-b4ef-b6b33f22a827,51aeda95-cd2b-49cb-9181-18fb6d5c096c,563b7c40-ec9d-4615-ad82-32c3c1b2ef73,173b06b5-0a53-4577-9c99-8de171f95ad6,1145
371,a4c7d11c-b700-43ce-a262-2257433bdf36,e48b8ea9-e138-4701-bd32-e6199dd9c606,d4ce9122-24cb-4001-b14a-a4c9650b3c31,c7af2cf8-a798-4363-a0c0-da2cc00ac053,624
372,444fb4ed-9d0c-414c-abd4-8e2c67b5a324,826ce344-d404-4f52-8c04-a6d76d10df51,c65d91ba-f4fb-4bff-adc6-f16ff8764ae1,e341dcdb-1602-41e8-9c90-64c8f62dcd08,703
373,e4c02e1f-8ee5-4cee-be83-f3b59829caed,37703665-3c95-41f9-94ab-029f09ebcbe1,69f1c5af-b1a5-46da-8056-70202e3e0b1f,891f2a6e-45e9-4e63-9180-4e6ea8742825,660
374,29d2357e-453a-4454-9a47-ea4865091585,478bf683-c279-44b4-936c-b68accd05adf,45055d6b-3f68-4642-aab8-791f83767b33,d5f524f7-c99f-455a-8b86-e9e0d7783945,975
375,5893becf-a6ef-46d4-93b6-570868e43053,e5e4d88d-ec06-4d9c-a6ba-a92ba996670f,00bbb420-ca71-423e-8229-0c6f0c714164,173b06b5-0a53-4577-9c99-8de171f95ad6,455
376,5432225d-a31c-4e24-a9a5-0fe9f42812b1,7e86d19e-92a7-4e43-93b8-3bd95c33bd13,563b7c40-ec9d-4615-ad82-32c3c1b2ef73,3b32eea0-4f68-4ca6-9190-b6fc32d5fa56,1553
377,cf9b2582-6f27-43a8-8f72-b79fe85ae4aa,b2191d21-bc87-45a3-854a-1b187cb92396,92757080-d94a-4f4c-97ad-89ce5e58cc86,1b54f2ce-e3da-4b89-92d9-9b9ae3853f21,1240
378,cd054361-0fc5-4984-993d-9d5be3bfa509,e8957fa1-75f6-421d-9a2b-d9a9c116982d,fdfbb28c-47c8-4340-9dec-f42e42c01c26,173b06b5-0a53-4577-9c99-8de171f95ad6,1799
379,e43f346e-528e-4c26-ac45-1a744591935c,ae866c22-8781-41e8-8178-d84a6e45e6d0,d7539ef0-6130-44c8-81f7-4502f2c6981c,939faa60-7e0d-49c7-98a8-455eada9afe8,321
380,30a72a8c-72bd-40d7-909d-a05be8051458,54458cc0-c822-4e34-b926-2ca25525f9cf,2cba9264-16ab-415f-a0ae-b5e1db3f4918,891f2a6e-45e9-4e63-9180-4e6ea8742825,285
381,9f0474d5-3ef7-4d0e-8c0c-c3f8a96b9295,188b0c5f-a774-4faa-b900-786172047228,2a7ecf3d-ea1c-489e-954c-4fe3be55cbca,7581c067-804c-4517-ac9d-0ba72a7333e5,923
382,715f1473-bea0-4a83-b4dc-8019ad588661,b17d5afc-004b-454a-8cb5-32f95c07f052,222f67ec-71fe-4d39-b246-3b9461cb66f2,fea23f09-43be-489d-8cba-429ba52946a6,504
383,1d69d6ba-8497-40e3-a89b-2bd9e0c5abc4,4b030b5d-ecba-4971-9804-d68e8b8f1623,c65d91ba-f4fb-4bff-adc6-f16ff8764ae1,7581c067-804c-4517-ac9d-0ba72a7333e5,176
384,3b2c9393-300f-4bff-9c0a-6f5e89fe2a93,951344e4-007c-454b-a555-76ce4485fd61,2a7ecf3d-ea1c-489e-954c-4fe3be55cbca,8587a450-9971-407b-a305-3f83848a6318,435
385,6aad7b62-4218-4b2c-a2ed-478382163e3c,fc45c056-fc49-4130-845e-7f483f0ee952,1224be2f-a7a8-41f6-ae71-c2e4fde0cf94,0e4c1881-3d9a-4be3-8c8b-235f54dfcc28,434
386,a206ca98-a8d1-4623-9da9-eb24c8a16b66,84c74e39-69d5-4133-ab62-ca46a5e747ae,2cba9264-16ab-415f-a0ae-b5e1db3f4918,c7af2cf8-a798-4363-a0c0-da2cc00ac053,1714
387,c3a6276c-f0c0-41a0-9e82-af38e7e28c80,fb84ddd7-47c0-45aa-a6c0-163c385c0221,5a5b6f95-b77f-478b-a1e7-0179dde8ef5d,8587a450-9971-407b-a305-3f83848a6318,344
388,28787a1f-4d6b-49bb-b38b-924d7cd2bee7,9762fde2-09dd-49f0-aaf6-ef891ae5f0c3,fdfbb28c-47c8-4340-9dec-f42e42c01c26,891f2a6e-45e9-4e63-9180-4e6ea8742825,977
389,a58ac15c-b8f4-4bd9-8488-59379df4f010,a9d46e06-837c-49e7-a1bc-96523bd3c55a,d7539ef0-6130-44c8-81f7-4502f2c6981c,3546a25f-87db-4d44-9d68-9106c26e25df,104
390,2fbd60fc-f0dd-4870-a45a-2113056639db,fb84ddd7-47c0-45aa-a6c0-163c385c0221,5a5b6f95-b77f-478b-a1e7-0179dde8ef5d,e79a1b76-d63d-45c5-8959-0fbb6f1407ce,425
391,457d5394-22ef-4a19-8f11-f667d7ac6137,d3479b31-5c71-4925-8fae-8e7bcea9eaf6,92757080-d94a-4f4c-97ad-89ce5e58cc86,76b127c1-c3e3-48b9-b368-6b8197e03302,320
392,454ab9ef-73a1-4a44-9f12-db16685a2eee,66928400-9d40-4098-ae0d-b99bada430d0,fdfbb28c-47c8-4340-9dec-f42e42c01c26,3ed8de56-e3a8-4bb2-b751-52a1c008b89b,1691
393,fcdbc58f-99e4-4048-8869-95880318ca30,83ca86d8-67b1-4d30-8f33-6068bd13ea8e,45055d6b-3f68-4642-aab8-791f83767b33,fb3c5cb8-043f-4e4c-a923-51323b81e475,239
394,216bf526-1f23-40f0-b4fd-e114366026d1,a8875e4b-e354-4d17-826c-8426bbe0fd60,ca4e06e6-efb4-4c03-9207-996e88efbabb,4b61038a-5362-4e06-a980-96b3813f02cf,1429
395,7870d5f1-44a7-4ef0-acd6-a64771204489,8bb85a46-7107-4c4b-8601-36279595cb7d,00bbb420-ca71-423e-8229-0c6f0c714164,76b127c1-c3e3-48b9-b368-6b8197e03302,412
396,8960faca-2a3c-495b-a8f4-b24ca387016a,bd204e0b-d80a-40cb-9f3a-6b19bb5f628d,00bbb420-ca71-423e-8229-0c6f0c714164,802985bc-a614-4d2a-92e7-cc381082dbe5,373
397,45267057-8683-43d9-85ae-12106f0d995c,d381ef1d-6114-4de8-a72d-4eb8ff758613,1224be2f-a7a8-41f6-ae71-c2e4fde0cf94,1b54f2ce-e3da-4b89-92d9-9b9ae3853f21,991
398,879d6a39-2e4c-45a1-88b0-c7bc9dbf81d6,067d6a4a-89f6-482a-a7a0-c6e5abd64e1e,d7539ef0-6130-44c8-81f7-4502f2c6981c,1ff80a05-eda6-4207-98af-1faf4435228a,1068
399,90c5f1b7-8266-4a75-bb92-ce2e2cdec306,050ce582-7e54-403c-a1d2-8fbf0333b279,9501fb08-a53f-473b-af04-f8be7a3e0d35,e79a1b76-d63d-45c5-8959-0fbb6f1407ce,1523
400,7f40516b-f99f-4ca0-a017-509ed004192a,a23594a5-68d0-44bb-a97d-4148bcdf58ad,2cba9264-16ab-415f-a0ae-b5e1db3f4918,9a6e05f1-c615-4469-9523-9da9a8cbe16a,330
401,3a79231c-a61f-4405-a080-3dd959fb452a,9f50b8d6-84d9-4f46-ab11-0b4ea9cfbe83,45055d6b-3f68-4642-aab8-791f83767b33,c7af2cf8-a798-4363-a0c0-da2cc00ac053,25
402,053accea-74f2-4dd0-8704-e2fec9c789ce,d4b80589-381b-49a7-a4f7-3bfc6dd4b263,2a7ecf3d-ea1c-489e-954c-4fe3be55cbca,09cc234c-8167-4fe6-9c2c-473c4c25e719,1715
403,d6ffac8b-1dd0-4d0e-9f7e-f06e8afca102,c02b0798-2961-413c-aec7-b1168b2deb9b,222f67ec-71fe-4d39-b246-3b9461cb66f2,ebc313bd-afea-4c19-b56b-917adb4dbde1,942
404,8d6add67-3630-482d-b3d8-3db0c8243fdd,7484941f-ef97-4100-9b5d-617845da8a34,45055d6b-3f68-4642-aab8-791f83767b33,e5723683-42b6-4078-b06a-02559c2e5ad4,1653
405,8e2a132a-5c9b-454f-8fba-de256af66154,b1008325-3ce4-480f-a39c-ba37d3eef60f,2a7ecf3d-ea1c-489e-954c-4fe3be55cbca,933c1958-4134-4f4e-a7c8-26ae161b9140,350
406,6ebc5c97-de9f-457c-bf9e-015583a1eae3,1987aaf4-ec68-48f2-ad5d-25486c9c02ff,9501fb08-a53f-473b-af04-f8be7a3e0d35,9a6e05f1-c615-4469-9523-9da9a8cbe16a,5
407,7a729782-df8c-4bc4-94b4-dca0ced3adb8,d7ec9c5e-ad9b-4f45-9c32-3ce85cec5465,d7539ef0-6130-44c8-81f7-4502f2c6981c,802985bc-a614-4d2a-92e7-cc381082dbe5,183
408,2367268f-d04b-4277-a31d-df62adbf38a6,3e9742cf-8b88-4e29-bbb3-2323559d4251,d4ce9122-24cb-4001-b14a-a4c9650b3c31,802985bc-a614-4d2a-92e7-cc381082dbe5,87
409,c7cda8b1-d1eb-424d-9167-5a41811ace27,0699cba0-e69d-483c-b853-ec80f27fa190,563b7c40-ec9d-4615-ad82-32c3c1b2ef73,3ba15684-7f8f-4690-9de6-b7895450c99d,954
410,7985186b-3a58-4e32-8a14-f133a6f01aa7,3e36f692-b8c6-4d85-a477-544effa0e0d9,c76e89c7-9beb-4400-b5dd-300c2e398fda,29d63502-915d-4348-b8a2-8dfbcc615a30,300
411,0cdb78cd-724b-444f-8f5e-0f46239aa3f3,f75552d1-9c1e-403a-8f30-ac0e5cf75e34,1224be2f-a7a8-41f6-ae71-c2e4fde0cf94,3b1f01b4-204c-4c8e-9d57-dab454f45e63,1763
412,80bbe18f-5e86-4534-9092-9df3fba77729,302ceb01-c814-48db-91b3-332305dd63e6,2a7ecf3d-ea1c-489e-954c-4fe3be55cbca,fea23f09-43be-489d-8cba-429ba52946a6,1891
413,716ee62e-3c43-4c0b-8a6f-e0639f9d340e,1ad951f3-708f-472c-b1d6-3dc04e32bd5d,5a5b6f95-b77f-478b-a1e7-0179dde8ef5d,3b32eea0-4f68-4ca6-9190-b6fc32d5fa56,448
414,ffc52d96-b996-4c4d-a4e3-6678c1e5bd09,400f77b7-e761-4762-8723-a470d650b35a,45055d6b-3f68-4642-aab8-791f83767b33,e9a45d39-b36e-40db-8a83-e538a1edda95,2322
415,0ea714df-7769-4199-b4c9-17c7042a463a,d381ef1d-6114-4de8-a72d-4eb8ff758613,1224be2f-a7a8-41f6-ae71-c2e4fde0cf94,173b06b5-0a53-4577-9c99-8de171f95ad6,706
416,d254218d-f304-4e52-b1a1-5d284d1bf9ce,781f7d42-bead-4f7b-b3aa-74a22de06b4b,fdfbb28c-47c8-4340-9dec-f42e42c01c26,76b127c1-c3e3-48b9-b368-6b8197e03302,713
417,9ff42525-2e84-4bb0-ab52-6750fbf4e6fc,2f521543-24c7-43e7-a6af-16a62057d538,9501fb08-a53f-473b-af04-f8be7a3e0d35,3ba15684-7f8f-4690-9de6-b7895450c99d,384
418,fff2d21f-46f0-450e-8471-5b5992355607,c02b0798-2961-413c-aec7-b1168b2deb9b,222f67ec-71fe-4d39-b246-3b9461cb66f2,653164da-08b7-4284-9ed1-80439d1cee59,901
419,a28ace87-4714-41ef-8de6-48b1af74e4af,6c8ec792-2a8e-475f-953a-5e0673bebe51,d4ce9122-24cb-4001-b14a-a4c9650b3c31,7581c067-804c-4517-ac9d-0ba72a7333e5,1355
420,79fccc6c-e733-4d03-ab2c-6e5f0737110b,90e23e44-bf9d-44dd-8e6a-c32e003cf6d2,c65d91ba-f4fb-4bff-adc6-f16ff8764ae1,fefa662c-d8ee-43af-a266-5548f58c09a1,1110
421,b29a05e9-8f84-4f30-9a08-e23178058079,4b8944b2-a19f-408d-8070-c2dc26f33726,69f1c5af-b1a5-46da-8056-70202e3e0b1f,e341dcdb-1602-41e8-9c90-64c8f62dcd08,840
422,5b24eb76-68e0-4822-b15d-c1a230b0400c,8860553e-92ce-40eb-8b36-62b48ff9d4b4,1224be2f-a7a8-41f6-ae71-c2e4fde0cf94,76b127c1-c3e3-48b9-b368-6b8197e03302,325
423,a9b053b3-1fd4-432c-b2c7-89b0c4dae241,1bc19c64-0f53-4c79-b2bc-d01430bff035,d7539ef0-6130-44c8-81f7-4502f2c6981c,e79a1b76-d63d-45c5-8959-0fbb6f1407ce,314
424,75788a29-20ad-4f5f-85f9-ee6fcae2fc22,bd204e0b-d80a-40cb-9f3a-6b19bb5f628d,00bbb420-ca71-423e-8229-0c6f0c714164,d5f524f7-c99f-455a-8b86-e9e0d7783945,518
425,7c4ce969-4ff6-42d9-af81-818108d76d6f,d61f54e9-f1dc-4d79-a79e-0a4c56677d8f,ca4e06e6-efb4-4c03-9207-996e88efbabb,802985bc-a614-4d2a-92e7-cc381082dbe5,1793
426,48dc177b-103a-4d51-9d30-d1769f24f504,5e43d726-068f-4017-a5c1-c1e626c0b8c8,45055d6b-3f68-4642-aab8-791f83767b33,173b06b5-0a53-4577-9c99-8de171f95ad6,2194
427,91ed4a0a-ee92-4e70-a03a-18bccbb0866d,469c036f-e641-4461-a0cd-60e758ef2712,2cba9264-16ab-415f-a0ae-b5e1db3f4918,fefa662c-d8ee-43af-a266-5548f58c09a1,1085
428,3c9116f6-1b40-4416-8c49-a44b4803f501,daf764a2-f4eb-4132-aa8b-1c007754cf47,00bbb420-ca71-423e-8229-0c6f0c714164,4b61038a-5362-4e06-a980-96b3813f02cf,1772
429,bb774e38-1085-4354-9722-94dd9045cb64,0bd356db-5e5a-452f-a58d-3f15c3d3d622,00bbb420-ca71-423e-8229-0c6f0c714164,09cc234c-8167-4fe6-9c2c-473c4c25e719,1812
430,b684b734-51f9-4894-99bd-5d8c0929b460,8e0b55fe-834f-4c27-935e-558bc46dd7e3,ca4e06e6-efb4-4c03-9207-996e88efbabb,fea23f09-43be-489d-8cba-429ba52946a6,231
431,f154435a-2d66-473e-a881-416c379cfaed,8b11e50a-7b27-4bb4-b358-db5284ca9f1e,222f67ec-71fe-4d39-b246-3b9461cb66f2,248abcef-72cb-4ff1-b7f2-ac72755d64b5,1379
432,1b252ddb-ab44-40ce-9400-e9da8d7fc8e1,67ada2de-171f-4cad-9cea-4589f757eeba,af8df0dc-7761-45e1-821a-7e55d57e9bd8,c7af2cf8-a798-4363-a0c0-da2cc00ac053,542
433,d4eb05e0-51ab-450f-b95c-cc6b49ee4896,fdbcc665-77a5-4449-b46d-bb27d049c919,222f67ec-71fe-4d39-b246-3b9461cb66f2,13e66431-e3b5-461c-9a25-bea3c20b5871,8
434,2e8326eb-8255-4974-acdf-36ef02b7b137,73e68801-cfe0-4b1c-8c1a-4f24c7081e78,00bbb420-ca71-423e-8229-0c6f0c714164,41951238-1d0a-4d7c-a4ca-c06d3f192cde,626
435,6c6c289b-96a4-4171-a606-721af55fb6fd,2410cfdf-1dbc-4bf3-875d-cb1116a5d3dc,af8df0dc-7761-45e1-821a-7e55d57e9bd8,248abcef-72cb-4ff1-b7f2-ac72755d64b5,1784
436,e99e91aa-118e-4324-9083-350ab3f759b2,4b8944b2-a19f-408d-8070-c2dc26f33726,69f1c5af-b1a5-46da-8056-70202e3e0b1f,3b32eea0-4f68-4ca6-9190-b6fc32d5fa56,799
437,b7de4195-936e-4936-b035-cb9ceaf43898,999848c8-122d-405c-ae6a-8087aa5f09f6,c65d91ba-f4fb-4bff-adc6-f16ff8764ae1,c4a28d12-7843-4c0c-ac8c-b37d4c7404c2,646
438,21ed67bb-d877-4b66-9791-aa5adb0aeb4a,d381ef1d-6114-4de8-a72d-4eb8ff758613,1224be2f-a7a8-41f6-ae71-c2e4fde0cf94,41951238-1d0a-4d7c-a4ca-c06d3f192cde,568
439,c7739260-deee-4f7d-aef5-ac4c79b0d3e0,74dc9391-a7ac-43bd-ae6e-40db65482c30,8da6aff7-d3c8-4d1c-9a33-bb2b01bcc8b2,df6fbb45-39e4-4e2a-addd-26ca4328ec03,1773
440,c59861d2-8ef1-461e-9ce6-cdf5c8d4600c,c108c519-b4f8-4ca4-b71f-c4c1bbf32877,c76e89c7-9beb-4400-b5dd-300c2e398fda,e341dcdb-1602-41e8-9c90-64c8f62dcd08,1272
441,1231f5cc-49c6-469b-a055-d7d80959f8e6,d8749376-9a59-4e29-b55a-ce03ad8cf84d,2a7ecf3d-ea1c-489e-954c-4fe3be55cbca,13e66431-e3b5-461c-9a25-bea3c20b5871,1455
442,e71c84c5-02ac-4158-82f4-ad5b398ce788,45b0d584-9f25-4221-93c3-2ced0e054608,ca4e06e6-efb4-4c03-9207-996e88efbabb,3546a25f-87db-4d44-9d68-9106c26e25df,644
443,aa5f2f4c-5389-4b54-9ff6-36f54775c413,24d9958a-614a-4fb8-a5ed-4bcf308e7650,d4ce9122-24cb-4001-b14a-a4c9650b3c31,3b1f01b4-204c-4c8e-9d57-dab454f45e63,1022
444,48c7e121-5ab3-4a43-a1e7-f7065dc292ed,6f77c8cb-2411-4265-9fa8-c88ea28fd0dc,92757080-d94a-4f4c-97ad-89ce5e58cc86,fea23f09-43be-489d-8cba-429ba52946a6,419
445,b747aa91-96f0-4f70-baee-41c4f308fcf0,3649153f-2296-4595-9ee4-86c75da97d34,8da6aff7-d3c8-4d1c-9a33-bb2b01bcc8b2,fb3c5cb8-043f-4e4c-a923-51323b81e475,36
446,1f247e24-a86b-4d85-bc1d-5a826b62d1d2,a1d03005-343e-4134-b7c5-00aa80cd217b,d7539ef0-6130-44c8-81f7-4502f2c6981c,13e66431-e3b5-461c-9a25-bea3c20b5871,1036
447,10c90757-1852-490f-a4c8-255516b29da4,b0490bcd-ab40-44c0-a45d-355e4b2936a8,fdfbb28c-47c8-4340-9dec-f42e42c01c26,c4a28d12-7843-4c0c-ac8c-b37d4c7404c2,1066
448,84d949e0-1f86-45a2-b188-cf55b9436dfc,e96db35f-69bc-4fa5-827f-a434e4008908,d7539ef0-6130-44c8-81f7-4502f2c6981c,ebc313bd-afea-4c19-b56b-917adb4dbde1,854
449,4942a376-28ba-4c06-9e66-93709c83a4e3,c5e191bf-7154-4862-9397-675533109526,af8df0dc-7761-45e1-821a-7e55d57e9bd8,6f6660fb-963d-4593-b242-d39c1c80e59c,597
450,d3708647-ca1b-4224-8b24-c3235fdff325,67ada2de-171f-4cad-9cea-4589f757eeba,af8df0dc-7761-45e1-821a-7e55d57e9bd8,891f2a6e-45e9-4e63-9180-4e6ea8742825,35
451,6972cc3d-25f0-42d5-8df9-12a9239894d5,49a0f8e3-67d6-4c2a-aa9f-c94373ec7ccc,ca4e06e6-efb4-4c03-9207-996e88efbabb,34d65acc-bf76-43c8-9eeb-ae4a10d4626b,1985
452,41fd0bc2-3ee7-4258-884e-ca37dcce106a,ac2ca43a-01ca-4b0e-8b1e-31e5b0cbfa9a,af8df0dc-7761-45e1-821a-7e55d57e9bd8,09cc234c-8167-4fe6-9c2c-473c4c25e719,314
453,40fc3e60-0a1b-4360-910c-29610804e724,7bd6cd6c-7d6c-46a9-9f20-676de8faecd2,c76e89c7-9beb-4400-b5dd-300c2e398fda,e8e3b53d-baac-4663-bd98-b320bf0ba35e,275
454,61e47f4e-ed54-4d7a-a240-ed6477098463,5bfc9b45-3a54-4fe8-b097-72e8a3cf172c,00bbb420-ca71-423e-8229-0c6f0c714164,173b06b5-0a53-4577-9c99-8de171f95ad6,1084
455,78a98378-806f-4a52-9fe4-03365ef2abd4,ca326e76-b57b-45ef-8207-89d5410ac385,af8df0dc-7761-45e1-821a-7e55d57e9bd8,e5723683-42b6-4078-b06a-02559c2e5ad4,872
456,1a574a5c-7956-49f9-95f5-6fd9172b1dce,050ce582-7e54-403c-a1d2-8fbf0333b279,9501fb08-a53f-473b-af04-f8be7a3e0d35,0e4c1881-3d9a-4be3-8c8b-235f54dfcc28,854
457,d481cae5-fc79-4dfe-bbb9-08333969f1b4,83ca86d8-67b1-4d30-8f33-6068bd13ea8e,45055d6b-3f68-4642-aab8-791f83767b33,891f2a6e-45e9-4e63-9180-4e6ea8742825,1275
458,d0fde33c-dce5-4601-9178-363c9ee1aff4,6402c7e4-a090-4797-950f-12a169a48c43,8da6aff7-d3c8-4d1c-9a33-bb2b01bcc8b2,e8e3b53d-baac-4663-bd98-b320bf0ba35e,2044
459,3b6ae198-6e09-4efe-ac5c-47525f22703c,1bc19c64-0f53-4c79-b2bc-d01430bff035,d7539ef0-6130-44c8-81f7-4502f2c6981c,a468395a-62dc-43cb-92c8-1b9004907930,58
460,c2a2bb08-fff5-4726-a255-6e2a3daf8986,4549209e-8363-444a-bc8c-839dfd61e650,6bfdeac5-02c9-43fc-b341-b2b07aee4512,76b127c1-c3e3-48b9-b368-6b8197e03302,1273
461,f9e57767-0158-416e-b5f0-48f78309111b,199fe7ba-723d-435f-b104-86c69a160d7e,c76e89c7-9beb-4400-b5dd-300c2e398fda,13e66431-e3b5-461c-9a25-bea3c20b5871,975
462,d4782416-df9a-47ab-bb29-0abbf9a57b8a,e22e2636-4c0d-4c8a-8a06-65e3ae656a75,9501fb08-a53f-473b-af04-f8be7a3e0d35,3ba15684-7f8f-4690-9de6-b7895450c99d,1424
463,30fa188a-5c51-4f53-b057-c629f236fb0f,fee7afd7-8ecb-4073-ab31-f8bd7408ee58,c76e89c7-9beb-4400-b5dd-300c2e398fda,34d65acc-bf76-43c8-9eeb-ae4a10d4626b,25
464,8b837f8b-74a9-4b88-b73e-1305749b8d06,b1008325-3ce4-480f-a39c-ba37d3eef60f,2a7ecf3d-ea1c-489e-954c-4fe3be55cbca,fb3c5cb8-043f-4e4c-a923-51323b81e475,1151
465,fc66c811-212f-4f9b-aca7-2f7c170e9276,24d9958a-614a-4fb8-a5ed-4bcf308e7650,d4ce9122-24cb-4001-b14a-a4c9650b3c31,fb3c5cb8-043f-4e4c-a923-51323b81e475,218
466,2cb21382-7bc1-4e2e-a1cc-4a37a94b762e,8ac98875-83a0-4558-92cc-544ff9024a4e,92757080-d94a-4f4c-97ad-89ce5e58cc86,c7af2cf8-a798-4363-a0c0-da2cc00ac053,1364
467,1185a0c2-26cf-4fbc-a0f6-155ce42f6706,8c08251e-ac6f-4894-94ef-fa484085d0ce,2a7ecf3d-ea1c-489e-954c-4fe3be55cbca,a468395a-62dc-43cb-92c8-1b9004907930,1405
468,76d66295-92fc-49bd-918c-ccaf020c7199,06141837-4e95-45c9-9946-0ae2d3cecfb5,45055d6b-3f68-4642-aab8-791f83767b33,76b127c1-c3e3-48b9-b368-6b8197e03302,1370
469,6656fc8d-b9fc-4c21-a499-71562e206dd9,067d6a4a-89f6-482a-a7a0-c6e5abd64e1e,d7539ef0-6130-44c8-81f7-4502f2c6981c,09cc234c-8167-4fe6-9c2c-473c4c25e719,661
470,c227b4fb-42a5-4112-bd08-06236e0819a7,e8957fa1-75f6-421d-9a2b-d9a9c116982d,fdfbb28c-47c8-4340-9dec-f42e42c01c26,666bee46-686a-455b-8d38-f8908f62a3aa,1680
471,e924446a-c566-4893-91e5-a6697cdff711,ca1770f5-8a4b-4e33-b9df-1757f1d0132e,69f1c5af-b1a5-46da-8056-70202e3e0b1f,06dcf0bb-45d1-4cf5-9760-09c0c655bffe,1068
472,937af7bd-81f3-45c4-bf49-1828bd9dec8d,7bd6cd6c-7d6c-46a9-9f20-676de8faecd2,c76e89c7-9beb-4400-b5dd-300c2e398fda,c7af2cf8-a798-4363-a0c0-da2cc00ac053,647
473,d7dfbb1b-3d61-42cd-8620-c054a1c6545c,f1861da9-f5c8-4adb-903e-f154bbbff311,d4ce9122-24cb-4001-b14a-a4c9650b3c31,c7af2cf8-a798-4363-a0c0-da2cc00ac053,287
474,c2367536-6355-48af-80a3-ca6b0f594cc0,23c69f6f-0879-4cd7-a7bd-443085700dad,45055d6b-3f68-4642-aab8-791f83767b33,0a63f2fe-13bf-4844-bcbb-5096cc253b65,456
475,d0098cab-1b74-4a49-ac47-e5d8a633a4de,6402c7e4-a090-4797-950f-12a169a48c43,8da6aff7-d3c8-4d1c-9a33-bb2b01bcc8b2,c4a28d12-7843-4c0c-ac8c-b37d4c7404c2,1794
476,546641eb-ca5b-4481-ab0f-237780b98279,e4f30196-b1e9-40fc-a219-b73d7d78a473,d4ce9122-24cb-4001-b14a-a4c9650b3c31,cbb8d2ac-25fe-4bf4-bfae-07e02076ff48,218
477,4eb71164-93d9-4eb7-9527-9343569ff030,706b17a4-b7d2-4753-9b21-5b9d812703a6,ca4e06e6-efb4-4c03-9207-996e88efbabb,cbb8d2ac-25fe-4bf4-bfae-07e02076ff48,183
478,843112c7-a263-4f0d-847c-cd70268594ff,548a9e03-309e-48ed-9905-9d07bf97caf7,2cba9264-16ab-415f-a0ae-b5e1db3f4918,4b61038a-5362-4e06-a980-96b3813f02cf,1736
479,38665888-88c2-4016-bbbc-75f27b41e7e2,c108c519-b4f8-4ca4-b71f-c4c1bbf32877,c76e89c7-9beb-4400-b5dd-300c2e398fda,fea23f09-43be-489d-8cba-429ba52946a6,1245
480,b86d64fc-7fb5-4f11-9cb2-ea2921e1ad3b,b0490bcd-ab40-44c0-a45d-355e4b2936a8,fdfbb28c-47c8-4340-9dec-f42e42c01c26,e3b52b66-8225-4eac-a332-3274ec6f56da,399
481,8c8b9520-4d10-48d3-9c22-573b754097db,df1c0f54-6980-4a44-bf5c-0df6110906a8,2cba9264-16ab-415f-a0ae-b5e1db3f4918,fefa662c-d8ee-43af-a266-5548f58c09a1,874
482,99288f23-d3be-434d-aa59-a968d61e4ac2,da7f14cd-d9b3-4b53-af71-618846b928cb,00bbb420-ca71-423e-8229-0c6f0c714164,a468395a-62dc-43cb-92c8-1b9004907930,1325
483,54f92a01-74b6-4e20-8df0-82b9dca1fd84,2029a938-5cbf-435a-bf4b-50c89fb17d72,92757080-d94a-4f4c-97ad-89ce5e58cc86,3546a25f-87db-4d44-9d68-9106c26e25df,39
484,2300026f-5249-4c98-b6a8-b8fe5029594c,50b7aa85-28fa-4ace-b2bf-5dbad83e4a7a,c76e89c7-9beb-4400-b5dd-300c2e398fda,1b54f2ce-e3da-4b89-92d9-9b9ae3853f21,1360
485,156243a1-f806-4da3-9553-cdc3cdff9bea,0bb07049-523d-4d48-b431-aa54c1143158,222f67ec-71fe-4d39-b246-3b9461cb66f2,891f2a6e-45e9-4e63-9180-4e6ea8742825,171
486,a046f773-4e67-462f-ab3d-f7f2e9c0da1d,9e4d4d14-4fd4-46ad-b8ff-7d81a7276fa4,00bbb420-ca71-423e-8229-0c6f0c714164,8587a450-9971-407b-a305-3f83848a6318,1347
487,767263b0-234c-4e72-b606-6a367a7b19d0,f5f0d671-5aac-4c08-8b02-ae232aa99aa1,fdfbb28c-47c8-4340-9dec-f42e42c01c26,06dcf0bb-45d1-4cf5-9760-09c0c655bffe,327
488,d3088efd-4bfa-4548-a400-d55c549b7a3a,78c98755-8933-4422-83bc-c4d49cc516a2,45055d6b-3f68-4642-aab8-791f83767b33,7581c067-804c-4517-ac9d-0ba72a7333e5,1293
489,73e95303-efb2-45f7-964a-b4a3b9e3e049,6621c1c1-56d5-4d94-8a5d-34ca013624ab,9501fb08-a53f-473b-af04-f8be7a3e0d35,facc30c9-d01a-4526-b601-90c91c5e89fa,1069
490,37ba6f11-85dc-44bb-a194-92be736753f2,7f44b12b-d71e-4087-b018-15c0408a6f74,92757080-d94a-4f4c-97ad-89ce5e58cc86,fea23f09-43be-489d-8cba-429ba52946a6,1986
491,5791791d-16c9-4314-9f61-d3340d1096b2,de696623-dfae-4a61-ae42-f7b9f2b44de6,222f67ec-71fe-4d39-b246-3b9461cb66f2,653164da-08b7-4284-9ed1-80439d1cee59,293
492,0029a529-fac9-403c-a64a-be05d5fe4e97,9d8331e0-c7b6-4e36-8144-9328187fed61,d7539ef0-6130-44c8-81f7-4502f2c6981c,939faa60-7e0d-49c7-98a8-455eada9afe8,698
493,cda6e278-242e-4421-812d-05041eb30447,5e43d726-068f-4017-a5c1-c1e626c0b8c8,45055d6b-3f68-4642-aab8-791f83767b33,666bee46-686a-455b-8d38-f8908f62a3aa,1277
494,b6035693-9e9d-4dbf-8007-4c22d6adcc6d,bc3028fe-f4b5-4825-b4a4-138cd14a8432,9501fb08-a53f-473b-af04-f8be7a3e0d35,fea23f09-43be-489d-8cba-429ba52946a6,1364
495,b099501c-461e-4ee6-96cd-dffedf409aac,951344e4-007c-454b-a555-76ce4485fd61,2a7ecf3d-ea1c-489e-954c-4fe3be55cbca,df6fbb45-39e4-4e2a-addd-26ca4328ec03,1767
496,10cff1e6-2200-41b1-8668-e51ab5eacd93,ad1e616a-882b-40fd-932f-1f4e8e6c1fa6,fdfbb28c-47c8-4340-9dec-f42e42c01c26,d06eca5c-48be-4d58-9222-97452366955b,1152
497,8729da30-9f31-4373-8883-7d6983bdc698,4b8944b2-a19f-408d-8070-c2dc26f33726,69f1c5af-b1a5-46da-8056-70202e3e0b1f,76b127c1-c3e3-48b9-b368-6b8197e03302,149
498,770d6a7d-d0b3-46bc-a532-dbb5feafe1be,5986305f-2138-474e-a612-2993f4f01c2f,1224be2f-a7a8-41f6-ae71-c2e4fde0cf94,fb3c5cb8-043f-4e4c-a923-51323b81e475,57
499,d9a89964-dd0f-431a-8eb4-7689054b6824,5c757635-084b-4804-b951-7d125972290f,d7539ef0-6130-44c8-81f7-4502f2c6981c,0e4c1881-3d9a-4be3-8c8b-235f54dfcc28,700
